{
  "resourceType" : "ValueSet",
  "id" : "jdv-hl7-days-of-week",
  "meta" : {
    "versionId" : "1",
    "lastUpdated" : "2025-10-29T10:43:02.172+01:00",
    "profile" : ["http://hl7.org/fhir/StructureDefinition/shareablevalueset"]
  },
  "language" : "fr-FR",
  "text" : {
    "status" : "extensions",
    "div" : "<div xmlns=\"http://www.w3.org/1999/xhtml\" xml:lang=\"fr-FR\" lang=\"fr-FR\"><p class=\"res-header-id\"><b>Generated Narrative: ValueSet jdv-hl7-days-of-week</b></p><a name=\"jdv-hl7-days-of-week\"> </a><a name=\"hcjdv-hl7-days-of-week\"> </a><a name=\"jdv-hl7-days-of-week-fr-FR\"> </a><div style=\"display: inline-block; background-color: #d9e0e7; padding: 6px; margin: 4px; border: 1px solid #8da1b4; border-radius: 5px; line-height: 60%\"><p style=\"margin-bottom: 0px\">version: 1; Last updated: 2025-10-29 10:43:02+0100; Language: fr-FR</p><p style=\"margin-bottom: 0px\">Profil: <a href=\"http://hl7.org/fhir/R4/shareablevalueset.html\">Shareable ValueSet</a></p></div><ul><li>Include ces codes sont définis dans <a href=\"http://hl7.org/fhir/R4/codesystem-days-of-week.html\"><code>http://hl7.org/fhir/days-of-week</code></a><table class=\"none\"><tr><td style=\"white-space:nowrap\"><b>Code</b></td><td><b>Display</b></td><td><b>Définition</b></td></tr><tr><td><a href=\"http://hl7.org/fhir/R4/codesystem-days-of-week.html#days-of-week-mon\">mon</a></td><td>lundi</td><td>Monday.</td></tr><tr><td><a href=\"http://hl7.org/fhir/R4/codesystem-days-of-week.html#days-of-week-tue\">tue</a></td><td>mardi</td><td>Tuesday.</td></tr><tr><td><a href=\"http://hl7.org/fhir/R4/codesystem-days-of-week.html#days-of-week-wed\">wed</a></td><td>mercredi</td><td>Wednesday.</td></tr><tr><td><a href=\"http://hl7.org/fhir/R4/codesystem-days-of-week.html#days-of-week-thu\">thu</a></td><td>jeudi</td><td>Thursday.</td></tr><tr><td><a href=\"http://hl7.org/fhir/R4/codesystem-days-of-week.html#days-of-week-fri\">fri</a></td><td>vendredi</td><td>Friday.</td></tr><tr><td><a href=\"http://hl7.org/fhir/R4/codesystem-days-of-week.html#days-of-week-sat\">sat</a></td><td>samedi</td><td>Saturday.</td></tr><tr><td><a href=\"http://hl7.org/fhir/R4/codesystem-days-of-week.html#days-of-week-sun\">sun</a></td><td>dimanche</td><td>Sunday.</td></tr></table></li></ul></div>"
  },
  "extension" : [{
    "url" : "http://hl7.org/fhir/StructureDefinition/resource-effectivePeriod",
    "valuePeriod" : {
      "start" : "2025-07-11T00:00:00+01:00"
    }
  }],
  "url" : "https://smt.esante.gouv.fr/fhir/ValueSet/jdv-hl7-days-of-week",
  "identifier" : [{
    "system" : "urn:ietf:rfc:3986",
    "value" : "urn:oid:2.16.840.1.113883.4.642.3.512"
  }],
  "version" : "20251028115835",
  "name" : "DaysOfWeek",
  "title" : "DaysOfWeek",
  "status" : "active",
  "experimental" : false,
  "date" : "2025-10-28T11:58:35+01:00",
  "publisher" : "Agence du Numérique en Santé(ANS) -2 - 10 Rue d'Oradour-sur-Glane, 75015 Paris",
  "description" : "DaysOfWeek",
  "jurisdiction" : [{
    "coding" : [{
      "system" : "urn:iso:std:iso:3166",
      "code" : "FRA"
    }]
  }],
  "compose" : {
    "include" : [{
      "system" : "http://hl7.org/fhir/days-of-week",
      "concept" : [{
        "code" : "mon",
        "display" : "lundi"
      },
      {
        "code" : "tue",
        "display" : "mardi"
      },
      {
        "code" : "wed",
        "display" : "mercredi"
      },
      {
        "code" : "thu",
        "display" : "jeudi"
      },
      {
        "code" : "fri",
        "display" : "vendredi"
      },
      {
        "code" : "sat",
        "display" : "samedi"
      },
      {
        "code" : "sun",
        "display" : "dimanche"
      }]
    }]
  }
}