{
  "resourceType" : "ValueSet",
  "id" : "JDV-J258-Departement",
  "meta" : {
    "versionId" : "4",
    "lastUpdated" : "2024-06-28T16:10:04.973+00:00",
    "profile" : ["http://hl7.org/fhir/StructureDefinition/shareablevalueset"]
  },
  "language" : "fr-FR",
  "text" : {
    "status" : "generated",
    "div" : "<div xmlns=\"http://www.w3.org/1999/xhtml\" xml:lang=\"fr-FR\" lang=\"fr-FR\"><p class=\"res-header-id\"><b>Generated Narrative: ValueSet JDV-J258-Departement</b></p><a name=\"JDV-J258-Departement\"> </a><a name=\"hcJDV-J258-Departement\"> </a><a name=\"JDV-J258-Departement-fr-FR\"> </a><div style=\"display: inline-block; background-color: #d9e0e7; padding: 6px; margin: 4px; border: 1px solid #8da1b4; border-radius: 5px; line-height: 60%\"><p style=\"margin-bottom: 0px\">version: 4; Last updated: 2024-06-28 16:10:04+0000; Language: fr-FR</p><p style=\"margin-bottom: 0px\">Profile: <a href=\"http://hl7.org/fhir/R4/shareablevalueset.html\">Shareable ValueSet</a></p></div><ul><li>Include these codes as defined in <a href=\"CodeSystem-TRE-G09-DepartementOM.html\"><code>https://mos.esante.gouv.fr/NOS/TRE_G09-DepartementOM/FHIR/TRE-G09-DepartementOM</code></a><table class=\"none\"><tr><td style=\"white-space:nowrap\"><b>Code</b></td><td><b>Display</b></td><td><b><a href=\"ValueSet-JDV-J170-AutoriteEnregistrement-EPARS.html\">ASS_A29_Departement_AE</a></b></td></tr><tr><td><a href=\"CodeSystem-TRE-G09-DepartementOM.html#TRE-G09-DepartementOM-01\">01</a></td><td>Ain (01)</td><td><span title=\"EQUIVALENT\">~</span><a href=\"CodeSystem-TRE-R60-AutoriteEnregistrement.html#TRE-R60-AutoriteEnregistrement-ARS-84\">ARS-84</a></td></tr><tr><td><a href=\"CodeSystem-TRE-G09-DepartementOM.html#TRE-G09-DepartementOM-02\">02</a></td><td>Aisne (02)</td><td><span title=\"EQUIVALENT\">~</span><a href=\"CodeSystem-TRE-R60-AutoriteEnregistrement.html#TRE-R60-AutoriteEnregistrement-ARS-32\">ARS-32</a></td></tr><tr><td><a href=\"CodeSystem-TRE-G09-DepartementOM.html#TRE-G09-DepartementOM-03\">03</a></td><td>Allier (03)</td><td><span title=\"EQUIVALENT\">~</span><a href=\"CodeSystem-TRE-R60-AutoriteEnregistrement.html#TRE-R60-AutoriteEnregistrement-ARS-84\">ARS-84</a></td></tr><tr><td><a href=\"CodeSystem-TRE-G09-DepartementOM.html#TRE-G09-DepartementOM-04\">04</a></td><td>Alpes-de-Haute-Provence (04)</td><td><span title=\"EQUIVALENT\">~</span><a href=\"CodeSystem-TRE-R60-AutoriteEnregistrement.html#TRE-R60-AutoriteEnregistrement-ARS-93\">ARS-93</a></td></tr><tr><td><a href=\"CodeSystem-TRE-G09-DepartementOM.html#TRE-G09-DepartementOM-05\">05</a></td><td>Hautes-Alpes (05)</td><td><span title=\"EQUIVALENT\">~</span><a href=\"CodeSystem-TRE-R60-AutoriteEnregistrement.html#TRE-R60-AutoriteEnregistrement-ARS-93\">ARS-93</a></td></tr><tr><td><a href=\"CodeSystem-TRE-G09-DepartementOM.html#TRE-G09-DepartementOM-06\">06</a></td><td>Alpes-Maritimes (06)</td><td><span title=\"EQUIVALENT\">~</span><a href=\"CodeSystem-TRE-R60-AutoriteEnregistrement.html#TRE-R60-AutoriteEnregistrement-ARS-93\">ARS-93</a></td></tr><tr><td><a href=\"CodeSystem-TRE-G09-DepartementOM.html#TRE-G09-DepartementOM-07\">07</a></td><td>Ardèche (07)</td><td><span title=\"EQUIVALENT\">~</span><a href=\"CodeSystem-TRE-R60-AutoriteEnregistrement.html#TRE-R60-AutoriteEnregistrement-ARS-84\">ARS-84</a></td></tr><tr><td><a href=\"CodeSystem-TRE-G09-DepartementOM.html#TRE-G09-DepartementOM-08\">08</a></td><td>Ardennes (08)</td><td><span title=\"EQUIVALENT\">~</span><a href=\"CodeSystem-TRE-R60-AutoriteEnregistrement.html#TRE-R60-AutoriteEnregistrement-ARS-41\">ARS-41</a></td></tr><tr><td><a href=\"CodeSystem-TRE-G09-DepartementOM.html#TRE-G09-DepartementOM-09\">09</a></td><td>Ariège (09)</td><td><span title=\"EQUIVALENT\">~</span><a href=\"CodeSystem-TRE-R60-AutoriteEnregistrement.html#TRE-R60-AutoriteEnregistrement-ARS-76\">ARS-76</a></td></tr><tr><td><a href=\"CodeSystem-TRE-G09-DepartementOM.html#TRE-G09-DepartementOM-10\">10</a></td><td>Aube (10)</td><td><span title=\"EQUIVALENT\">~</span><a href=\"CodeSystem-TRE-R60-AutoriteEnregistrement.html#TRE-R60-AutoriteEnregistrement-ARS-41\">ARS-41</a></td></tr><tr><td><a href=\"CodeSystem-TRE-G09-DepartementOM.html#TRE-G09-DepartementOM-11\">11</a></td><td>Aude (11)</td><td><span title=\"EQUIVALENT\">~</span><a href=\"CodeSystem-TRE-R60-AutoriteEnregistrement.html#TRE-R60-AutoriteEnregistrement-ARS-76\">ARS-76</a></td></tr><tr><td><a href=\"CodeSystem-TRE-G09-DepartementOM.html#TRE-G09-DepartementOM-12\">12</a></td><td>Aveyron (12)</td><td><span title=\"EQUIVALENT\">~</span><a href=\"CodeSystem-TRE-R60-AutoriteEnregistrement.html#TRE-R60-AutoriteEnregistrement-ARS-76\">ARS-76</a></td></tr><tr><td><a href=\"CodeSystem-TRE-G09-DepartementOM.html#TRE-G09-DepartementOM-13\">13</a></td><td>Bouches-du-Rhône (13)</td><td><span title=\"EQUIVALENT\">~</span><a href=\"CodeSystem-TRE-R60-AutoriteEnregistrement.html#TRE-R60-AutoriteEnregistrement-ARS-93\">ARS-93</a></td></tr><tr><td><a href=\"CodeSystem-TRE-G09-DepartementOM.html#TRE-G09-DepartementOM-14\">14</a></td><td>Calvados (14)</td><td><span title=\"EQUIVALENT\">~</span><a href=\"CodeSystem-TRE-R60-AutoriteEnregistrement.html#TRE-R60-AutoriteEnregistrement-ARS-28\">ARS-28</a></td></tr><tr><td><a href=\"CodeSystem-TRE-G09-DepartementOM.html#TRE-G09-DepartementOM-15\">15</a></td><td>Cantal (15)</td><td><span title=\"EQUIVALENT\">~</span><a href=\"CodeSystem-TRE-R60-AutoriteEnregistrement.html#TRE-R60-AutoriteEnregistrement-ARS-84\">ARS-84</a></td></tr><tr><td><a href=\"CodeSystem-TRE-G09-DepartementOM.html#TRE-G09-DepartementOM-16\">16</a></td><td>Charente (16)</td><td><span title=\"EQUIVALENT\">~</span><a href=\"CodeSystem-TRE-R60-AutoriteEnregistrement.html#TRE-R60-AutoriteEnregistrement-ARS-75\">ARS-75</a></td></tr><tr><td><a href=\"CodeSystem-TRE-G09-DepartementOM.html#TRE-G09-DepartementOM-17\">17</a></td><td>Charente-Maritime (17)</td><td><span title=\"EQUIVALENT\">~</span><a href=\"CodeSystem-TRE-R60-AutoriteEnregistrement.html#TRE-R60-AutoriteEnregistrement-ARS-75\">ARS-75</a></td></tr><tr><td><a href=\"CodeSystem-TRE-G09-DepartementOM.html#TRE-G09-DepartementOM-18\">18</a></td><td>Cher (18)</td><td><span title=\"EQUIVALENT\">~</span><a href=\"CodeSystem-TRE-R60-AutoriteEnregistrement.html#TRE-R60-AutoriteEnregistrement-ARS-24\">ARS-24</a></td></tr><tr><td><a href=\"CodeSystem-TRE-G09-DepartementOM.html#TRE-G09-DepartementOM-19\">19</a></td><td>Corrèze (19)</td><td><span title=\"EQUIVALENT\">~</span><a href=\"CodeSystem-TRE-R60-AutoriteEnregistrement.html#TRE-R60-AutoriteEnregistrement-ARS-75\">ARS-75</a></td></tr><tr><td><a href=\"CodeSystem-TRE-G09-DepartementOM.html#TRE-G09-DepartementOM-2A\">2A</a></td><td>Corse-du-Sud (2A)</td><td><span title=\"EQUIVALENT\">~</span><a href=\"CodeSystem-TRE-R60-AutoriteEnregistrement.html#TRE-R60-AutoriteEnregistrement-ARS-94\">ARS-94</a></td></tr><tr><td><a href=\"CodeSystem-TRE-G09-DepartementOM.html#TRE-G09-DepartementOM-2B\">2B</a></td><td>Haute-Corse (2B)</td><td><span title=\"EQUIVALENT\">~</span><a href=\"CodeSystem-TRE-R60-AutoriteEnregistrement.html#TRE-R60-AutoriteEnregistrement-ARS-94\">ARS-94</a></td></tr><tr><td><a href=\"CodeSystem-TRE-G09-DepartementOM.html#TRE-G09-DepartementOM-21\">21</a></td><td>Côte-d'Or (21)</td><td><span title=\"EQUIVALENT\">~</span><a href=\"CodeSystem-TRE-R60-AutoriteEnregistrement.html#TRE-R60-AutoriteEnregistrement-ARS-27\">ARS-27</a></td></tr><tr><td><a href=\"CodeSystem-TRE-G09-DepartementOM.html#TRE-G09-DepartementOM-22\">22</a></td><td>Côtes-d'Armor (22)</td><td><span title=\"EQUIVALENT\">~</span><a href=\"CodeSystem-TRE-R60-AutoriteEnregistrement.html#TRE-R60-AutoriteEnregistrement-ARS-53\">ARS-53</a></td></tr><tr><td><a href=\"CodeSystem-TRE-G09-DepartementOM.html#TRE-G09-DepartementOM-23\">23</a></td><td>Creuse (23)</td><td><span title=\"EQUIVALENT\">~</span><a href=\"CodeSystem-TRE-R60-AutoriteEnregistrement.html#TRE-R60-AutoriteEnregistrement-ARS-75\">ARS-75</a></td></tr><tr><td><a href=\"CodeSystem-TRE-G09-DepartementOM.html#TRE-G09-DepartementOM-24\">24</a></td><td>Dordogne (24)</td><td><span title=\"EQUIVALENT\">~</span><a href=\"CodeSystem-TRE-R60-AutoriteEnregistrement.html#TRE-R60-AutoriteEnregistrement-ARS-75\">ARS-75</a></td></tr><tr><td><a href=\"CodeSystem-TRE-G09-DepartementOM.html#TRE-G09-DepartementOM-25\">25</a></td><td>Doubs (25)</td><td><span title=\"EQUIVALENT\">~</span><a href=\"CodeSystem-TRE-R60-AutoriteEnregistrement.html#TRE-R60-AutoriteEnregistrement-ARS-27\">ARS-27</a></td></tr><tr><td><a href=\"CodeSystem-TRE-G09-DepartementOM.html#TRE-G09-DepartementOM-26\">26</a></td><td>Drôme (26)</td><td><span title=\"EQUIVALENT\">~</span><a href=\"CodeSystem-TRE-R60-AutoriteEnregistrement.html#TRE-R60-AutoriteEnregistrement-ARS-84\">ARS-84</a></td></tr><tr><td><a href=\"CodeSystem-TRE-G09-DepartementOM.html#TRE-G09-DepartementOM-27\">27</a></td><td>Eure (27)</td><td><span title=\"EQUIVALENT\">~</span><a href=\"CodeSystem-TRE-R60-AutoriteEnregistrement.html#TRE-R60-AutoriteEnregistrement-ARS-28\">ARS-28</a></td></tr><tr><td><a href=\"CodeSystem-TRE-G09-DepartementOM.html#TRE-G09-DepartementOM-28\">28</a></td><td>Eure-et-Loir (28)</td><td><span title=\"EQUIVALENT\">~</span><a href=\"CodeSystem-TRE-R60-AutoriteEnregistrement.html#TRE-R60-AutoriteEnregistrement-ARS-24\">ARS-24</a></td></tr><tr><td><a href=\"CodeSystem-TRE-G09-DepartementOM.html#TRE-G09-DepartementOM-29\">29</a></td><td>Finistère (29)</td><td><span title=\"EQUIVALENT\">~</span><a href=\"CodeSystem-TRE-R60-AutoriteEnregistrement.html#TRE-R60-AutoriteEnregistrement-ARS-53\">ARS-53</a></td></tr><tr><td><a href=\"CodeSystem-TRE-G09-DepartementOM.html#TRE-G09-DepartementOM-30\">30</a></td><td>Gard (30)</td><td><span title=\"EQUIVALENT\">~</span><a href=\"CodeSystem-TRE-R60-AutoriteEnregistrement.html#TRE-R60-AutoriteEnregistrement-ARS-76\">ARS-76</a></td></tr><tr><td><a href=\"CodeSystem-TRE-G09-DepartementOM.html#TRE-G09-DepartementOM-31\">31</a></td><td>Haute-Garonne (31)</td><td><span title=\"EQUIVALENT\">~</span><a href=\"CodeSystem-TRE-R60-AutoriteEnregistrement.html#TRE-R60-AutoriteEnregistrement-ARS-76\">ARS-76</a></td></tr><tr><td><a href=\"CodeSystem-TRE-G09-DepartementOM.html#TRE-G09-DepartementOM-32\">32</a></td><td>Gers (32)</td><td><span title=\"EQUIVALENT\">~</span><a href=\"CodeSystem-TRE-R60-AutoriteEnregistrement.html#TRE-R60-AutoriteEnregistrement-ARS-76\">ARS-76</a></td></tr><tr><td><a href=\"CodeSystem-TRE-G09-DepartementOM.html#TRE-G09-DepartementOM-33\">33</a></td><td>Gironde (33)</td><td><span title=\"EQUIVALENT\">~</span><a href=\"CodeSystem-TRE-R60-AutoriteEnregistrement.html#TRE-R60-AutoriteEnregistrement-ARS-75\">ARS-75</a></td></tr><tr><td><a href=\"CodeSystem-TRE-G09-DepartementOM.html#TRE-G09-DepartementOM-34\">34</a></td><td>Hérault (34)</td><td><span title=\"EQUIVALENT\">~</span><a href=\"CodeSystem-TRE-R60-AutoriteEnregistrement.html#TRE-R60-AutoriteEnregistrement-ARS-76\">ARS-76</a></td></tr><tr><td><a href=\"CodeSystem-TRE-G09-DepartementOM.html#TRE-G09-DepartementOM-35\">35</a></td><td>Ille-et-Vilaine (35)</td><td><span title=\"EQUIVALENT\">~</span><a href=\"CodeSystem-TRE-R60-AutoriteEnregistrement.html#TRE-R60-AutoriteEnregistrement-ARS-53\">ARS-53</a></td></tr><tr><td><a href=\"CodeSystem-TRE-G09-DepartementOM.html#TRE-G09-DepartementOM-36\">36</a></td><td>Indre (36)</td><td><span title=\"EQUIVALENT\">~</span><a href=\"CodeSystem-TRE-R60-AutoriteEnregistrement.html#TRE-R60-AutoriteEnregistrement-ARS-24\">ARS-24</a></td></tr><tr><td><a href=\"CodeSystem-TRE-G09-DepartementOM.html#TRE-G09-DepartementOM-37\">37</a></td><td>Indre-et-Loire (37)</td><td><span title=\"EQUIVALENT\">~</span><a href=\"CodeSystem-TRE-R60-AutoriteEnregistrement.html#TRE-R60-AutoriteEnregistrement-ARS-24\">ARS-24</a></td></tr><tr><td><a href=\"CodeSystem-TRE-G09-DepartementOM.html#TRE-G09-DepartementOM-38\">38</a></td><td>Isère (38)</td><td><span title=\"EQUIVALENT\">~</span><a href=\"CodeSystem-TRE-R60-AutoriteEnregistrement.html#TRE-R60-AutoriteEnregistrement-ARS-84\">ARS-84</a></td></tr><tr><td><a href=\"CodeSystem-TRE-G09-DepartementOM.html#TRE-G09-DepartementOM-39\">39</a></td><td>Jura (39)</td><td><span title=\"EQUIVALENT\">~</span><a href=\"CodeSystem-TRE-R60-AutoriteEnregistrement.html#TRE-R60-AutoriteEnregistrement-ARS-27\">ARS-27</a></td></tr><tr><td><a href=\"CodeSystem-TRE-G09-DepartementOM.html#TRE-G09-DepartementOM-40\">40</a></td><td>Landes (40)</td><td><span title=\"EQUIVALENT\">~</span><a href=\"CodeSystem-TRE-R60-AutoriteEnregistrement.html#TRE-R60-AutoriteEnregistrement-ARS-75\">ARS-75</a></td></tr><tr><td><a href=\"CodeSystem-TRE-G09-DepartementOM.html#TRE-G09-DepartementOM-41\">41</a></td><td>Loir-et-Cher (41)</td><td><span title=\"EQUIVALENT\">~</span><a href=\"CodeSystem-TRE-R60-AutoriteEnregistrement.html#TRE-R60-AutoriteEnregistrement-ARS-24\">ARS-24</a></td></tr><tr><td><a href=\"CodeSystem-TRE-G09-DepartementOM.html#TRE-G09-DepartementOM-42\">42</a></td><td>Loire (42)</td><td><span title=\"EQUIVALENT\">~</span><a href=\"CodeSystem-TRE-R60-AutoriteEnregistrement.html#TRE-R60-AutoriteEnregistrement-ARS-84\">ARS-84</a></td></tr><tr><td><a href=\"CodeSystem-TRE-G09-DepartementOM.html#TRE-G09-DepartementOM-43\">43</a></td><td>Haute-Loire (43)</td><td><span title=\"EQUIVALENT\">~</span><a href=\"CodeSystem-TRE-R60-AutoriteEnregistrement.html#TRE-R60-AutoriteEnregistrement-ARS-84\">ARS-84</a></td></tr><tr><td><a href=\"CodeSystem-TRE-G09-DepartementOM.html#TRE-G09-DepartementOM-44\">44</a></td><td>Loire-Atlantique (44)</td><td><span title=\"EQUIVALENT\">~</span><a href=\"CodeSystem-TRE-R60-AutoriteEnregistrement.html#TRE-R60-AutoriteEnregistrement-ARS-52\">ARS-52</a></td></tr><tr><td><a href=\"CodeSystem-TRE-G09-DepartementOM.html#TRE-G09-DepartementOM-45\">45</a></td><td>Loiret (45)</td><td><span title=\"EQUIVALENT\">~</span><a href=\"CodeSystem-TRE-R60-AutoriteEnregistrement.html#TRE-R60-AutoriteEnregistrement-ARS-24\">ARS-24</a></td></tr><tr><td><a href=\"CodeSystem-TRE-G09-DepartementOM.html#TRE-G09-DepartementOM-46\">46</a></td><td>Lot (46)</td><td><span title=\"EQUIVALENT\">~</span><a href=\"CodeSystem-TRE-R60-AutoriteEnregistrement.html#TRE-R60-AutoriteEnregistrement-ARS-76\">ARS-76</a></td></tr><tr><td><a href=\"CodeSystem-TRE-G09-DepartementOM.html#TRE-G09-DepartementOM-47\">47</a></td><td>Lot-et-Garonne (47)</td><td><span title=\"EQUIVALENT\">~</span><a href=\"CodeSystem-TRE-R60-AutoriteEnregistrement.html#TRE-R60-AutoriteEnregistrement-ARS-75\">ARS-75</a></td></tr><tr><td><a href=\"CodeSystem-TRE-G09-DepartementOM.html#TRE-G09-DepartementOM-48\">48</a></td><td>Lozère (48)</td><td><span title=\"EQUIVALENT\">~</span><a href=\"CodeSystem-TRE-R60-AutoriteEnregistrement.html#TRE-R60-AutoriteEnregistrement-ARS-76\">ARS-76</a></td></tr><tr><td><a href=\"CodeSystem-TRE-G09-DepartementOM.html#TRE-G09-DepartementOM-49\">49</a></td><td>Maine-et-Loire (49)</td><td><span title=\"EQUIVALENT\">~</span><a href=\"CodeSystem-TRE-R60-AutoriteEnregistrement.html#TRE-R60-AutoriteEnregistrement-ARS-52\">ARS-52</a></td></tr><tr><td><a href=\"CodeSystem-TRE-G09-DepartementOM.html#TRE-G09-DepartementOM-50\">50</a></td><td>Manche (50)</td><td><span title=\"EQUIVALENT\">~</span><a href=\"CodeSystem-TRE-R60-AutoriteEnregistrement.html#TRE-R60-AutoriteEnregistrement-ARS-28\">ARS-28</a></td></tr><tr><td><a href=\"CodeSystem-TRE-G09-DepartementOM.html#TRE-G09-DepartementOM-51\">51</a></td><td>Marne (51)</td><td><span title=\"EQUIVALENT\">~</span><a href=\"CodeSystem-TRE-R60-AutoriteEnregistrement.html#TRE-R60-AutoriteEnregistrement-ARS-41\">ARS-41</a></td></tr><tr><td><a href=\"CodeSystem-TRE-G09-DepartementOM.html#TRE-G09-DepartementOM-52\">52</a></td><td>Haute-Marne (52)</td><td><span title=\"EQUIVALENT\">~</span><a href=\"CodeSystem-TRE-R60-AutoriteEnregistrement.html#TRE-R60-AutoriteEnregistrement-ARS-41\">ARS-41</a></td></tr><tr><td><a href=\"CodeSystem-TRE-G09-DepartementOM.html#TRE-G09-DepartementOM-53\">53</a></td><td>Mayenne (53)</td><td><span title=\"EQUIVALENT\">~</span><a href=\"CodeSystem-TRE-R60-AutoriteEnregistrement.html#TRE-R60-AutoriteEnregistrement-ARS-52\">ARS-52</a></td></tr><tr><td><a href=\"CodeSystem-TRE-G09-DepartementOM.html#TRE-G09-DepartementOM-54\">54</a></td><td>Meurthe-et-Moselle (54)</td><td><span title=\"EQUIVALENT\">~</span><a href=\"CodeSystem-TRE-R60-AutoriteEnregistrement.html#TRE-R60-AutoriteEnregistrement-ARS-41\">ARS-41</a></td></tr><tr><td><a href=\"CodeSystem-TRE-G09-DepartementOM.html#TRE-G09-DepartementOM-55\">55</a></td><td>Meuse (55)</td><td><span title=\"EQUIVALENT\">~</span><a href=\"CodeSystem-TRE-R60-AutoriteEnregistrement.html#TRE-R60-AutoriteEnregistrement-ARS-41\">ARS-41</a></td></tr><tr><td><a href=\"CodeSystem-TRE-G09-DepartementOM.html#TRE-G09-DepartementOM-56\">56</a></td><td>Morbihan (56)</td><td><span title=\"EQUIVALENT\">~</span><a href=\"CodeSystem-TRE-R60-AutoriteEnregistrement.html#TRE-R60-AutoriteEnregistrement-ARS-53\">ARS-53</a></td></tr><tr><td><a href=\"CodeSystem-TRE-G09-DepartementOM.html#TRE-G09-DepartementOM-57\">57</a></td><td>Moselle (57)</td><td><span title=\"EQUIVALENT\">~</span><a href=\"CodeSystem-TRE-R60-AutoriteEnregistrement.html#TRE-R60-AutoriteEnregistrement-ARS-41\">ARS-41</a></td></tr><tr><td><a href=\"CodeSystem-TRE-G09-DepartementOM.html#TRE-G09-DepartementOM-58\">58</a></td><td>Nièvre (58)</td><td><span title=\"EQUIVALENT\">~</span><a href=\"CodeSystem-TRE-R60-AutoriteEnregistrement.html#TRE-R60-AutoriteEnregistrement-ARS-27\">ARS-27</a></td></tr><tr><td><a href=\"CodeSystem-TRE-G09-DepartementOM.html#TRE-G09-DepartementOM-59\">59</a></td><td>Nord (59)</td><td><span title=\"EQUIVALENT\">~</span><a href=\"CodeSystem-TRE-R60-AutoriteEnregistrement.html#TRE-R60-AutoriteEnregistrement-ARS-32\">ARS-32</a></td></tr><tr><td><a href=\"CodeSystem-TRE-G09-DepartementOM.html#TRE-G09-DepartementOM-60\">60</a></td><td>Oise (60)</td><td><span title=\"EQUIVALENT\">~</span><a href=\"CodeSystem-TRE-R60-AutoriteEnregistrement.html#TRE-R60-AutoriteEnregistrement-ARS-32\">ARS-32</a></td></tr><tr><td><a href=\"CodeSystem-TRE-G09-DepartementOM.html#TRE-G09-DepartementOM-61\">61</a></td><td>Orne (61)</td><td><span title=\"EQUIVALENT\">~</span><a href=\"CodeSystem-TRE-R60-AutoriteEnregistrement.html#TRE-R60-AutoriteEnregistrement-ARS-28\">ARS-28</a></td></tr><tr><td><a href=\"CodeSystem-TRE-G09-DepartementOM.html#TRE-G09-DepartementOM-62\">62</a></td><td>Pas-de-Calais (62)</td><td><span title=\"EQUIVALENT\">~</span><a href=\"CodeSystem-TRE-R60-AutoriteEnregistrement.html#TRE-R60-AutoriteEnregistrement-ARS-32\">ARS-32</a></td></tr><tr><td><a href=\"CodeSystem-TRE-G09-DepartementOM.html#TRE-G09-DepartementOM-63\">63</a></td><td>Puy-de-Dôme (63)</td><td><span title=\"EQUIVALENT\">~</span><a href=\"CodeSystem-TRE-R60-AutoriteEnregistrement.html#TRE-R60-AutoriteEnregistrement-ARS-84\">ARS-84</a></td></tr><tr><td><a href=\"CodeSystem-TRE-G09-DepartementOM.html#TRE-G09-DepartementOM-64\">64</a></td><td>Pyrénées-Atlantiques (64)</td><td><span title=\"EQUIVALENT\">~</span><a href=\"CodeSystem-TRE-R60-AutoriteEnregistrement.html#TRE-R60-AutoriteEnregistrement-ARS-75\">ARS-75</a></td></tr><tr><td><a href=\"CodeSystem-TRE-G09-DepartementOM.html#TRE-G09-DepartementOM-65\">65</a></td><td>Hautes-Pyrénées (65)</td><td><span title=\"EQUIVALENT\">~</span><a href=\"CodeSystem-TRE-R60-AutoriteEnregistrement.html#TRE-R60-AutoriteEnregistrement-ARS-76\">ARS-76</a></td></tr><tr><td><a href=\"CodeSystem-TRE-G09-DepartementOM.html#TRE-G09-DepartementOM-66\">66</a></td><td>Pyrénées-Orientales (66)</td><td><span title=\"EQUIVALENT\">~</span><a href=\"CodeSystem-TRE-R60-AutoriteEnregistrement.html#TRE-R60-AutoriteEnregistrement-ARS-76\">ARS-76</a></td></tr><tr><td><a href=\"CodeSystem-TRE-G09-DepartementOM.html#TRE-G09-DepartementOM-67\">67</a></td><td>Bas-Rhin (67)</td><td><span title=\"EQUIVALENT\">~</span><a href=\"CodeSystem-TRE-R60-AutoriteEnregistrement.html#TRE-R60-AutoriteEnregistrement-ARS-41\">ARS-41</a></td></tr><tr><td><a href=\"CodeSystem-TRE-G09-DepartementOM.html#TRE-G09-DepartementOM-68\">68</a></td><td>Haut-Rhin (68)</td><td><span title=\"EQUIVALENT\">~</span><a href=\"CodeSystem-TRE-R60-AutoriteEnregistrement.html#TRE-R60-AutoriteEnregistrement-ARS-41\">ARS-41</a></td></tr><tr><td><a href=\"CodeSystem-TRE-G09-DepartementOM.html#TRE-G09-DepartementOM-69\">69</a></td><td>Rhône (69)</td><td><span title=\"EQUIVALENT\">~</span><a href=\"CodeSystem-TRE-R60-AutoriteEnregistrement.html#TRE-R60-AutoriteEnregistrement-ARS-84\">ARS-84</a></td></tr><tr><td><a href=\"CodeSystem-TRE-G09-DepartementOM.html#TRE-G09-DepartementOM-70\">70</a></td><td>Haute-Saône (70)</td><td><span title=\"EQUIVALENT\">~</span><a href=\"CodeSystem-TRE-R60-AutoriteEnregistrement.html#TRE-R60-AutoriteEnregistrement-ARS-27\">ARS-27</a></td></tr><tr><td><a href=\"CodeSystem-TRE-G09-DepartementOM.html#TRE-G09-DepartementOM-71\">71</a></td><td>Saône-et-Loire (71)</td><td><span title=\"EQUIVALENT\">~</span><a href=\"CodeSystem-TRE-R60-AutoriteEnregistrement.html#TRE-R60-AutoriteEnregistrement-ARS-27\">ARS-27</a></td></tr><tr><td><a href=\"CodeSystem-TRE-G09-DepartementOM.html#TRE-G09-DepartementOM-72\">72</a></td><td>Sarthe (72)</td><td><span title=\"EQUIVALENT\">~</span><a href=\"CodeSystem-TRE-R60-AutoriteEnregistrement.html#TRE-R60-AutoriteEnregistrement-ARS-52\">ARS-52</a></td></tr><tr><td><a href=\"CodeSystem-TRE-G09-DepartementOM.html#TRE-G09-DepartementOM-73\">73</a></td><td>Savoie (73)</td><td><span title=\"EQUIVALENT\">~</span><a href=\"CodeSystem-TRE-R60-AutoriteEnregistrement.html#TRE-R60-AutoriteEnregistrement-ARS-84\">ARS-84</a></td></tr><tr><td><a href=\"CodeSystem-TRE-G09-DepartementOM.html#TRE-G09-DepartementOM-74\">74</a></td><td>Haute-Savoie (74)</td><td><span title=\"EQUIVALENT\">~</span><a href=\"CodeSystem-TRE-R60-AutoriteEnregistrement.html#TRE-R60-AutoriteEnregistrement-ARS-84\">ARS-84</a></td></tr><tr><td><a href=\"CodeSystem-TRE-G09-DepartementOM.html#TRE-G09-DepartementOM-75\">75</a></td><td>Paris (75)</td><td><span title=\"EQUIVALENT\">~</span><a href=\"CodeSystem-TRE-R60-AutoriteEnregistrement.html#TRE-R60-AutoriteEnregistrement-ARS-11\">ARS-11</a></td></tr><tr><td><a href=\"CodeSystem-TRE-G09-DepartementOM.html#TRE-G09-DepartementOM-76\">76</a></td><td>Seine-Maritime (76)</td><td><span title=\"EQUIVALENT\">~</span><a href=\"CodeSystem-TRE-R60-AutoriteEnregistrement.html#TRE-R60-AutoriteEnregistrement-ARS-28\">ARS-28</a></td></tr><tr><td><a href=\"CodeSystem-TRE-G09-DepartementOM.html#TRE-G09-DepartementOM-77\">77</a></td><td>Seine-et-Marne (77)</td><td><span title=\"EQUIVALENT\">~</span><a href=\"CodeSystem-TRE-R60-AutoriteEnregistrement.html#TRE-R60-AutoriteEnregistrement-ARS-11\">ARS-11</a></td></tr><tr><td><a href=\"CodeSystem-TRE-G09-DepartementOM.html#TRE-G09-DepartementOM-78\">78</a></td><td>Yvelines (78)</td><td><span title=\"EQUIVALENT\">~</span><a href=\"CodeSystem-TRE-R60-AutoriteEnregistrement.html#TRE-R60-AutoriteEnregistrement-ARS-11\">ARS-11</a></td></tr><tr><td><a href=\"CodeSystem-TRE-G09-DepartementOM.html#TRE-G09-DepartementOM-79\">79</a></td><td>Deux-Sèvres (79)</td><td><span title=\"EQUIVALENT\">~</span><a href=\"CodeSystem-TRE-R60-AutoriteEnregistrement.html#TRE-R60-AutoriteEnregistrement-ARS-75\">ARS-75</a></td></tr><tr><td><a href=\"CodeSystem-TRE-G09-DepartementOM.html#TRE-G09-DepartementOM-80\">80</a></td><td>Somme (80)</td><td><span title=\"EQUIVALENT\">~</span><a href=\"CodeSystem-TRE-R60-AutoriteEnregistrement.html#TRE-R60-AutoriteEnregistrement-ARS-32\">ARS-32</a></td></tr><tr><td><a href=\"CodeSystem-TRE-G09-DepartementOM.html#TRE-G09-DepartementOM-81\">81</a></td><td>Tarn (81)</td><td><span title=\"EQUIVALENT\">~</span><a href=\"CodeSystem-TRE-R60-AutoriteEnregistrement.html#TRE-R60-AutoriteEnregistrement-ARS-76\">ARS-76</a></td></tr><tr><td><a href=\"CodeSystem-TRE-G09-DepartementOM.html#TRE-G09-DepartementOM-82\">82</a></td><td>Tarn-et-Garonne (82)</td><td><span title=\"EQUIVALENT\">~</span><a href=\"CodeSystem-TRE-R60-AutoriteEnregistrement.html#TRE-R60-AutoriteEnregistrement-ARS-76\">ARS-76</a></td></tr><tr><td><a href=\"CodeSystem-TRE-G09-DepartementOM.html#TRE-G09-DepartementOM-83\">83</a></td><td>Var (83)</td><td><span title=\"EQUIVALENT\">~</span><a href=\"CodeSystem-TRE-R60-AutoriteEnregistrement.html#TRE-R60-AutoriteEnregistrement-ARS-93\">ARS-93</a></td></tr><tr><td><a href=\"CodeSystem-TRE-G09-DepartementOM.html#TRE-G09-DepartementOM-84\">84</a></td><td>Vaucluse (84)</td><td><span title=\"EQUIVALENT\">~</span><a href=\"CodeSystem-TRE-R60-AutoriteEnregistrement.html#TRE-R60-AutoriteEnregistrement-ARS-93\">ARS-93</a></td></tr><tr><td><a href=\"CodeSystem-TRE-G09-DepartementOM.html#TRE-G09-DepartementOM-85\">85</a></td><td>Vendée (85)</td><td><span title=\"EQUIVALENT\">~</span><a href=\"CodeSystem-TRE-R60-AutoriteEnregistrement.html#TRE-R60-AutoriteEnregistrement-ARS-52\">ARS-52</a></td></tr><tr><td><a href=\"CodeSystem-TRE-G09-DepartementOM.html#TRE-G09-DepartementOM-86\">86</a></td><td>Vienne (86)</td><td><span title=\"EQUIVALENT\">~</span><a href=\"CodeSystem-TRE-R60-AutoriteEnregistrement.html#TRE-R60-AutoriteEnregistrement-ARS-75\">ARS-75</a></td></tr><tr><td><a href=\"CodeSystem-TRE-G09-DepartementOM.html#TRE-G09-DepartementOM-87\">87</a></td><td>Haute-Vienne (87)</td><td><span title=\"EQUIVALENT\">~</span><a href=\"CodeSystem-TRE-R60-AutoriteEnregistrement.html#TRE-R60-AutoriteEnregistrement-ARS-75\">ARS-75</a></td></tr><tr><td><a href=\"CodeSystem-TRE-G09-DepartementOM.html#TRE-G09-DepartementOM-88\">88</a></td><td>Vosges (88)</td><td><span title=\"EQUIVALENT\">~</span><a href=\"CodeSystem-TRE-R60-AutoriteEnregistrement.html#TRE-R60-AutoriteEnregistrement-ARS-41\">ARS-41</a></td></tr><tr><td><a href=\"CodeSystem-TRE-G09-DepartementOM.html#TRE-G09-DepartementOM-89\">89</a></td><td>Yonne (89)</td><td><span title=\"EQUIVALENT\">~</span><a href=\"CodeSystem-TRE-R60-AutoriteEnregistrement.html#TRE-R60-AutoriteEnregistrement-ARS-27\">ARS-27</a></td></tr><tr><td><a href=\"CodeSystem-TRE-G09-DepartementOM.html#TRE-G09-DepartementOM-90\">90</a></td><td>Territoire de Belfort (90)</td><td><span title=\"EQUIVALENT\">~</span><a href=\"CodeSystem-TRE-R60-AutoriteEnregistrement.html#TRE-R60-AutoriteEnregistrement-ARS-27\">ARS-27</a></td></tr><tr><td><a href=\"CodeSystem-TRE-G09-DepartementOM.html#TRE-G09-DepartementOM-91\">91</a></td><td>Essonne (91)</td><td><span title=\"EQUIVALENT\">~</span><a href=\"CodeSystem-TRE-R60-AutoriteEnregistrement.html#TRE-R60-AutoriteEnregistrement-ARS-11\">ARS-11</a></td></tr><tr><td><a href=\"CodeSystem-TRE-G09-DepartementOM.html#TRE-G09-DepartementOM-92\">92</a></td><td>Hauts-de-Seine (92)</td><td><span title=\"EQUIVALENT\">~</span><a href=\"CodeSystem-TRE-R60-AutoriteEnregistrement.html#TRE-R60-AutoriteEnregistrement-ARS-11\">ARS-11</a></td></tr><tr><td><a href=\"CodeSystem-TRE-G09-DepartementOM.html#TRE-G09-DepartementOM-93\">93</a></td><td>Seine-Saint-Denis (93)</td><td><span title=\"EQUIVALENT\">~</span><a href=\"CodeSystem-TRE-R60-AutoriteEnregistrement.html#TRE-R60-AutoriteEnregistrement-ARS-11\">ARS-11</a></td></tr><tr><td><a href=\"CodeSystem-TRE-G09-DepartementOM.html#TRE-G09-DepartementOM-94\">94</a></td><td>Val-de-Marne (94)</td><td><span title=\"EQUIVALENT\">~</span><a href=\"CodeSystem-TRE-R60-AutoriteEnregistrement.html#TRE-R60-AutoriteEnregistrement-ARS-11\">ARS-11</a></td></tr><tr><td><a href=\"CodeSystem-TRE-G09-DepartementOM.html#TRE-G09-DepartementOM-95\">95</a></td><td>Val-d'Oise (95)</td><td><span title=\"EQUIVALENT\">~</span><a href=\"CodeSystem-TRE-R60-AutoriteEnregistrement.html#TRE-R60-AutoriteEnregistrement-ARS-11\">ARS-11</a></td></tr><tr><td><a href=\"CodeSystem-TRE-G09-DepartementOM.html#TRE-G09-DepartementOM-971\">971</a></td><td>Guadeloupe (971)</td><td><span title=\"EQUIVALENT\">~</span><a href=\"CodeSystem-TRE-R60-AutoriteEnregistrement.html#TRE-R60-AutoriteEnregistrement-ARS-01\">ARS-01</a></td></tr><tr><td><a href=\"CodeSystem-TRE-G09-DepartementOM.html#TRE-G09-DepartementOM-972\">972</a></td><td>Martinique (972)</td><td><span title=\"EQUIVALENT\">~</span><a href=\"CodeSystem-TRE-R60-AutoriteEnregistrement.html#TRE-R60-AutoriteEnregistrement-ARS-02\">ARS-02</a></td></tr><tr><td><a href=\"CodeSystem-TRE-G09-DepartementOM.html#TRE-G09-DepartementOM-973\">973</a></td><td>Guyane (973)</td><td><span title=\"EQUIVALENT\">~</span><a href=\"CodeSystem-TRE-R60-AutoriteEnregistrement.html#TRE-R60-AutoriteEnregistrement-ARS-03\">ARS-03</a></td></tr><tr><td><a href=\"CodeSystem-TRE-G09-DepartementOM.html#TRE-G09-DepartementOM-974\">974</a></td><td>La Réunion (974)</td><td><span title=\"EQUIVALENT\">~</span><a href=\"CodeSystem-TRE-R60-AutoriteEnregistrement.html#TRE-R60-AutoriteEnregistrement-ARS-05\">ARS-05</a></td></tr><tr><td><a href=\"CodeSystem-TRE-G09-DepartementOM.html#TRE-G09-DepartementOM-975\">975</a></td><td>Saint-Pierre-et-Miquelon (975)</td><td/></tr><tr><td><a href=\"CodeSystem-TRE-G09-DepartementOM.html#TRE-G09-DepartementOM-976\">976</a></td><td>Mayotte (976)</td><td><span title=\"EQUIVALENT\">~</span><a href=\"CodeSystem-TRE-R60-AutoriteEnregistrement.html#TRE-R60-AutoriteEnregistrement-ARS-06\">ARS-06</a></td></tr><tr><td><a href=\"CodeSystem-TRE-G09-DepartementOM.html#TRE-G09-DepartementOM-977\">977</a></td><td>Saint-Barthélemy (977)</td><td><span title=\"EQUIVALENT\">~</span><a href=\"CodeSystem-TRE-R60-AutoriteEnregistrement.html#TRE-R60-AutoriteEnregistrement-ARS-01\">ARS-01</a></td></tr><tr><td><a href=\"CodeSystem-TRE-G09-DepartementOM.html#TRE-G09-DepartementOM-978\">978</a></td><td>Saint-Martin (978)</td><td><span title=\"EQUIVALENT\">~</span><a href=\"CodeSystem-TRE-R60-AutoriteEnregistrement.html#TRE-R60-AutoriteEnregistrement-ARS-01\">ARS-01</a></td></tr><tr><td><a href=\"CodeSystem-TRE-G09-DepartementOM.html#TRE-G09-DepartementOM-99138\">99138</a></td><td>Monaco (99138)</td><td/></tr><tr><td><a href=\"CodeSystem-TRE-G09-DepartementOM.html#TRE-G09-DepartementOM-984\">984</a></td><td>Terres australes et antarctiques françaises (984)</td><td/></tr><tr><td><a href=\"CodeSystem-TRE-G09-DepartementOM.html#TRE-G09-DepartementOM-986\">986</a></td><td>Wallis-et-Futuna (986)</td><td/></tr><tr><td><a href=\"CodeSystem-TRE-G09-DepartementOM.html#TRE-G09-DepartementOM-987\">987</a></td><td>Polynésie française (987)</td><td/></tr><tr><td><a href=\"CodeSystem-TRE-G09-DepartementOM.html#TRE-G09-DepartementOM-988\">988</a></td><td>Nouvelle-Calédonie (988)</td><td/></tr><tr><td><a href=\"CodeSystem-TRE-G09-DepartementOM.html#TRE-G09-DepartementOM-989\">989</a></td><td>La Passion-Clipperton (989)</td><td/></tr></table></li></ul></div>"
  },
  "extension" : [{
    "url" : "http://hl7.org/fhir/StructureDefinition/resource-effectivePeriod",
    "valuePeriod" : {
      "start" : "2024-01-26T12:00:00+01:00"
    }
  }],
  "url" : "https://mos.esante.gouv.fr/NOS/JDV_J258-Departement/FHIR/JDV-J258-Departement",
  "identifier" : [{
    "system" : "urn:ietf:rfc:3986",
    "value" : "urn:oid:1.2.250.1.213.1.1.5.764"
  }],
  "version" : "20240628120000",
  "name" : "JDV_J258_Departement",
  "status" : "active",
  "experimental" : false,
  "date" : "2024-06-28T12:00:00+01:00",
  "publisher" : "Agence du Numérique en Santé (ANS) - 2-10 Rue d'Oradour-sur-Glane, 75015 Paris",
  "description" : "Tous les codes actifs des départements et collectivités d'outre-mer actives + Monaco du COG INSEE",
  "compose" : {
    "include" : [{
      "system" : "https://mos.esante.gouv.fr/NOS/TRE_G09-DepartementOM/FHIR/TRE-G09-DepartementOM",
      "concept" : [{
        "code" : "01",
        "display" : "Ain (01)"
      },
      {
        "code" : "02",
        "display" : "Aisne (02)"
      },
      {
        "code" : "03",
        "display" : "Allier (03)"
      },
      {
        "code" : "04",
        "display" : "Alpes-de-Haute-Provence (04)"
      },
      {
        "code" : "05",
        "display" : "Hautes-Alpes (05)"
      },
      {
        "code" : "06",
        "display" : "Alpes-Maritimes (06)"
      },
      {
        "code" : "07",
        "display" : "Ardèche (07)"
      },
      {
        "code" : "08",
        "display" : "Ardennes (08)"
      },
      {
        "code" : "09",
        "display" : "Ariège (09)"
      },
      {
        "code" : "10",
        "display" : "Aube (10)"
      },
      {
        "code" : "11",
        "display" : "Aude (11)"
      },
      {
        "code" : "12",
        "display" : "Aveyron (12)"
      },
      {
        "code" : "13",
        "display" : "Bouches-du-Rhône (13)"
      },
      {
        "code" : "14",
        "display" : "Calvados (14)"
      },
      {
        "code" : "15",
        "display" : "Cantal (15)"
      },
      {
        "code" : "16",
        "display" : "Charente (16)"
      },
      {
        "code" : "17",
        "display" : "Charente-Maritime (17)"
      },
      {
        "code" : "18",
        "display" : "Cher (18)"
      },
      {
        "code" : "19",
        "display" : "Corrèze (19)"
      },
      {
        "code" : "2A",
        "display" : "Corse-du-Sud (2A)"
      },
      {
        "code" : "2B",
        "display" : "Haute-Corse (2B)"
      },
      {
        "code" : "21",
        "display" : "Côte-d'Or (21)"
      },
      {
        "code" : "22",
        "display" : "Côtes-d'Armor (22)"
      },
      {
        "code" : "23",
        "display" : "Creuse (23)"
      },
      {
        "code" : "24",
        "display" : "Dordogne (24)"
      },
      {
        "code" : "25",
        "display" : "Doubs (25)"
      },
      {
        "code" : "26",
        "display" : "Drôme (26)"
      },
      {
        "code" : "27",
        "display" : "Eure (27)"
      },
      {
        "code" : "28",
        "display" : "Eure-et-Loir (28)"
      },
      {
        "code" : "29",
        "display" : "Finistère (29)"
      },
      {
        "code" : "30",
        "display" : "Gard (30)"
      },
      {
        "code" : "31",
        "display" : "Haute-Garonne (31)"
      },
      {
        "code" : "32",
        "display" : "Gers (32)"
      },
      {
        "code" : "33",
        "display" : "Gironde (33)"
      },
      {
        "code" : "34",
        "display" : "Hérault (34)"
      },
      {
        "code" : "35",
        "display" : "Ille-et-Vilaine (35)"
      },
      {
        "code" : "36",
        "display" : "Indre (36)"
      },
      {
        "code" : "37",
        "display" : "Indre-et-Loire (37)"
      },
      {
        "code" : "38",
        "display" : "Isère (38)"
      },
      {
        "code" : "39",
        "display" : "Jura (39)"
      },
      {
        "code" : "40",
        "display" : "Landes (40)"
      },
      {
        "code" : "41",
        "display" : "Loir-et-Cher (41)"
      },
      {
        "code" : "42",
        "display" : "Loire (42)"
      },
      {
        "code" : "43",
        "display" : "Haute-Loire (43)"
      },
      {
        "code" : "44",
        "display" : "Loire-Atlantique (44)"
      },
      {
        "code" : "45",
        "display" : "Loiret (45)"
      },
      {
        "code" : "46",
        "display" : "Lot (46)"
      },
      {
        "code" : "47",
        "display" : "Lot-et-Garonne (47)"
      },
      {
        "code" : "48",
        "display" : "Lozère (48)"
      },
      {
        "code" : "49",
        "display" : "Maine-et-Loire (49)"
      },
      {
        "code" : "50",
        "display" : "Manche (50)"
      },
      {
        "code" : "51",
        "display" : "Marne (51)"
      },
      {
        "code" : "52",
        "display" : "Haute-Marne (52)"
      },
      {
        "code" : "53",
        "display" : "Mayenne (53)"
      },
      {
        "code" : "54",
        "display" : "Meurthe-et-Moselle (54)"
      },
      {
        "code" : "55",
        "display" : "Meuse (55)"
      },
      {
        "code" : "56",
        "display" : "Morbihan (56)"
      },
      {
        "code" : "57",
        "display" : "Moselle (57)"
      },
      {
        "code" : "58",
        "display" : "Nièvre (58)"
      },
      {
        "code" : "59",
        "display" : "Nord (59)"
      },
      {
        "code" : "60",
        "display" : "Oise (60)"
      },
      {
        "code" : "61",
        "display" : "Orne (61)"
      },
      {
        "code" : "62",
        "display" : "Pas-de-Calais (62)"
      },
      {
        "code" : "63",
        "display" : "Puy-de-Dôme (63)"
      },
      {
        "code" : "64",
        "display" : "Pyrénées-Atlantiques (64)"
      },
      {
        "code" : "65",
        "display" : "Hautes-Pyrénées (65)"
      },
      {
        "code" : "66",
        "display" : "Pyrénées-Orientales (66)"
      },
      {
        "code" : "67",
        "display" : "Bas-Rhin (67)"
      },
      {
        "code" : "68",
        "display" : "Haut-Rhin (68)"
      },
      {
        "code" : "69",
        "display" : "Rhône (69)"
      },
      {
        "code" : "70",
        "display" : "Haute-Saône (70)"
      },
      {
        "code" : "71",
        "display" : "Saône-et-Loire (71)"
      },
      {
        "code" : "72",
        "display" : "Sarthe (72)"
      },
      {
        "code" : "73",
        "display" : "Savoie (73)"
      },
      {
        "code" : "74",
        "display" : "Haute-Savoie (74)"
      },
      {
        "code" : "75",
        "display" : "Paris (75)"
      },
      {
        "code" : "76",
        "display" : "Seine-Maritime (76)"
      },
      {
        "code" : "77",
        "display" : "Seine-et-Marne (77)"
      },
      {
        "code" : "78",
        "display" : "Yvelines (78)"
      },
      {
        "code" : "79",
        "display" : "Deux-Sèvres (79)"
      },
      {
        "code" : "80",
        "display" : "Somme (80)"
      },
      {
        "code" : "81",
        "display" : "Tarn (81)"
      },
      {
        "code" : "82",
        "display" : "Tarn-et-Garonne (82)"
      },
      {
        "code" : "83",
        "display" : "Var (83)"
      },
      {
        "code" : "84",
        "display" : "Vaucluse (84)"
      },
      {
        "code" : "85",
        "display" : "Vendée (85)"
      },
      {
        "code" : "86",
        "display" : "Vienne (86)"
      },
      {
        "code" : "87",
        "display" : "Haute-Vienne (87)"
      },
      {
        "code" : "88",
        "display" : "Vosges (88)"
      },
      {
        "code" : "89",
        "display" : "Yonne (89)"
      },
      {
        "code" : "90",
        "display" : "Territoire de Belfort (90)"
      },
      {
        "code" : "91",
        "display" : "Essonne (91)"
      },
      {
        "code" : "92",
        "display" : "Hauts-de-Seine (92)"
      },
      {
        "code" : "93",
        "display" : "Seine-Saint-Denis (93)"
      },
      {
        "code" : "94",
        "display" : "Val-de-Marne (94)"
      },
      {
        "code" : "95",
        "display" : "Val-d'Oise (95)"
      },
      {
        "code" : "971",
        "display" : "Guadeloupe (971)"
      },
      {
        "code" : "972",
        "display" : "Martinique (972)"
      },
      {
        "code" : "973",
        "display" : "Guyane (973)"
      },
      {
        "code" : "974",
        "display" : "La Réunion (974)"
      },
      {
        "code" : "975",
        "display" : "Saint-Pierre-et-Miquelon (975)"
      },
      {
        "code" : "976",
        "display" : "Mayotte (976)"
      },
      {
        "code" : "977",
        "display" : "Saint-Barthélemy (977)"
      },
      {
        "code" : "978",
        "display" : "Saint-Martin (978)"
      },
      {
        "code" : "99138",
        "display" : "Monaco (99138)"
      },
      {
        "code" : "984",
        "display" : "Terres australes et antarctiques françaises (984)"
      },
      {
        "code" : "986",
        "display" : "Wallis-et-Futuna (986)"
      },
      {
        "code" : "987",
        "display" : "Polynésie française (987)"
      },
      {
        "code" : "988",
        "display" : "Nouvelle-Calédonie (988)"
      },
      {
        "code" : "989",
        "display" : "La Passion-Clipperton (989)"
      }]
    }]
  }
}