{
  "resourceType" : "ValueSet",
  "id" : "JDV-J235-LieuFormation-EPARS",
  "meta" : {
    "versionId" : "5",
    "lastUpdated" : "2025-07-02T17:06:02.545+00:00",
    "profile" : ["http://hl7.org/fhir/StructureDefinition/shareablevalueset"]
  },
  "language" : "fr-FR",
  "text" : {
    "status" : "generated",
    "div" : "<div xml:lang=\"fr-FR\" xmlns=\"http://www.w3.org/1999/xhtml\" lang=\"fr-FR\"><p class=\"res-header-id\"><b>Narratif généré : EnsembleValeurs JDV-J235-LieuFormation-EPARS</b></p><a name=\"JDV-J235-LieuFormation-EPARS\"> </a><a name=\"hcJDV-J235-LieuFormation-EPARS\"> </a><div style=\"display: inline-block; background-color: #d9e0e7; padding: 6px; margin: 4px; border: 1px solid #8da1b4; border-radius: 5px; line-height: 60%\"><p style=\"margin-bottom: 0px\">version: 4; Dernière mise à jour : 2024-07-26 17:01:54+0000; Langue : fr-FR</p><p style=\"margin-bottom: 0px\">Profil: <a href=\"http://hl7.org/fhir/R4/shareablevalueset.html\">Shareable ValueSet</a></p></div><ul><li>Include les codes sont définis dans <a href=\"CodeSystem-TRE-R16-LieuFormation.html\"><code>https://mos.esante.gouv.fr/NOS/TRE_R16-LieuFormation/FHIR/TRE-R16-LieuFormation</code></a><table class=\"none\"><tr><td style=\"white-space:nowrap\"><b>Code</b></td><td><b>Display</b></td></tr><tr><td><a href=\"CodeSystem-TRE-R16-LieuFormation.html#TRE-R16-LieuFormation-DP01\">DP01</a></td><td>Ain</td></tr><tr><td><a href=\"CodeSystem-TRE-R16-LieuFormation.html#TRE-R16-LieuFormation-DP02\">DP02</a></td><td>Aisne</td></tr><tr><td><a href=\"CodeSystem-TRE-R16-LieuFormation.html#TRE-R16-LieuFormation-DP03\">DP03</a></td><td>Allier</td></tr><tr><td><a href=\"CodeSystem-TRE-R16-LieuFormation.html#TRE-R16-LieuFormation-DP04\">DP04</a></td><td>Alpes-de-Haute-Provence</td></tr><tr><td><a href=\"CodeSystem-TRE-R16-LieuFormation.html#TRE-R16-LieuFormation-DP05\">DP05</a></td><td>Hautes-Alpes</td></tr><tr><td><a href=\"CodeSystem-TRE-R16-LieuFormation.html#TRE-R16-LieuFormation-DP06\">DP06</a></td><td>Alpes-Maritimes</td></tr><tr><td><a href=\"CodeSystem-TRE-R16-LieuFormation.html#TRE-R16-LieuFormation-DP07\">DP07</a></td><td>Ardèche</td></tr><tr><td><a href=\"CodeSystem-TRE-R16-LieuFormation.html#TRE-R16-LieuFormation-DP08\">DP08</a></td><td>Ardennes</td></tr><tr><td><a href=\"CodeSystem-TRE-R16-LieuFormation.html#TRE-R16-LieuFormation-DP09\">DP09</a></td><td>Ariège</td></tr><tr><td><a href=\"CodeSystem-TRE-R16-LieuFormation.html#TRE-R16-LieuFormation-DP10\">DP10</a></td><td>Aube</td></tr><tr><td><a href=\"CodeSystem-TRE-R16-LieuFormation.html#TRE-R16-LieuFormation-DP11\">DP11</a></td><td>Aude</td></tr><tr><td><a href=\"CodeSystem-TRE-R16-LieuFormation.html#TRE-R16-LieuFormation-DP12\">DP12</a></td><td>Aveyron</td></tr><tr><td><a href=\"CodeSystem-TRE-R16-LieuFormation.html#TRE-R16-LieuFormation-DP13\">DP13</a></td><td>Bouches-du-Rhône</td></tr><tr><td><a href=\"CodeSystem-TRE-R16-LieuFormation.html#TRE-R16-LieuFormation-DP14\">DP14</a></td><td>Calvados</td></tr><tr><td><a href=\"CodeSystem-TRE-R16-LieuFormation.html#TRE-R16-LieuFormation-DP15\">DP15</a></td><td>Cantal</td></tr><tr><td><a href=\"CodeSystem-TRE-R16-LieuFormation.html#TRE-R16-LieuFormation-DP16\">DP16</a></td><td>Charente</td></tr><tr><td><a href=\"CodeSystem-TRE-R16-LieuFormation.html#TRE-R16-LieuFormation-DP17\">DP17</a></td><td>Charente-Maritime</td></tr><tr><td><a href=\"CodeSystem-TRE-R16-LieuFormation.html#TRE-R16-LieuFormation-DP18\">DP18</a></td><td>Cher</td></tr><tr><td><a href=\"CodeSystem-TRE-R16-LieuFormation.html#TRE-R16-LieuFormation-DP19\">DP19</a></td><td>Corrèze</td></tr><tr><td><a href=\"CodeSystem-TRE-R16-LieuFormation.html#TRE-R16-LieuFormation-DP21\">DP21</a></td><td>Côte-d'Or</td></tr><tr><td><a href=\"CodeSystem-TRE-R16-LieuFormation.html#TRE-R16-LieuFormation-DP22\">DP22</a></td><td>Cotes-d'Armor</td></tr><tr><td><a href=\"CodeSystem-TRE-R16-LieuFormation.html#TRE-R16-LieuFormation-DP23\">DP23</a></td><td>Creuse</td></tr><tr><td><a href=\"CodeSystem-TRE-R16-LieuFormation.html#TRE-R16-LieuFormation-DP24\">DP24</a></td><td>Dordogne</td></tr><tr><td><a href=\"CodeSystem-TRE-R16-LieuFormation.html#TRE-R16-LieuFormation-DP25\">DP25</a></td><td>Doubs</td></tr><tr><td><a href=\"CodeSystem-TRE-R16-LieuFormation.html#TRE-R16-LieuFormation-DP26\">DP26</a></td><td>Drôme</td></tr><tr><td><a href=\"CodeSystem-TRE-R16-LieuFormation.html#TRE-R16-LieuFormation-DP27\">DP27</a></td><td>Eure</td></tr><tr><td><a href=\"CodeSystem-TRE-R16-LieuFormation.html#TRE-R16-LieuFormation-DP28\">DP28</a></td><td>Eure-et-Loir</td></tr><tr><td><a href=\"CodeSystem-TRE-R16-LieuFormation.html#TRE-R16-LieuFormation-DP29\">DP29</a></td><td>Finistère</td></tr><tr><td><a href=\"CodeSystem-TRE-R16-LieuFormation.html#TRE-R16-LieuFormation-DP2A\">DP2A</a></td><td>Corse-du-Sud</td></tr><tr><td><a href=\"CodeSystem-TRE-R16-LieuFormation.html#TRE-R16-LieuFormation-DP2B\">DP2B</a></td><td>Haute-Corse</td></tr><tr><td><a href=\"CodeSystem-TRE-R16-LieuFormation.html#TRE-R16-LieuFormation-DP30\">DP30</a></td><td>Gard</td></tr><tr><td><a href=\"CodeSystem-TRE-R16-LieuFormation.html#TRE-R16-LieuFormation-DP31\">DP31</a></td><td>Haute-Garonne</td></tr><tr><td><a href=\"CodeSystem-TRE-R16-LieuFormation.html#TRE-R16-LieuFormation-DP32\">DP32</a></td><td>Gers</td></tr><tr><td><a href=\"CodeSystem-TRE-R16-LieuFormation.html#TRE-R16-LieuFormation-DP33\">DP33</a></td><td>Gironde</td></tr><tr><td><a href=\"CodeSystem-TRE-R16-LieuFormation.html#TRE-R16-LieuFormation-DP34\">DP34</a></td><td>Hérault</td></tr><tr><td><a href=\"CodeSystem-TRE-R16-LieuFormation.html#TRE-R16-LieuFormation-DP35\">DP35</a></td><td>Ille-et-Vilaine</td></tr><tr><td><a href=\"CodeSystem-TRE-R16-LieuFormation.html#TRE-R16-LieuFormation-DP36\">DP36</a></td><td>Indre</td></tr><tr><td><a href=\"CodeSystem-TRE-R16-LieuFormation.html#TRE-R16-LieuFormation-DP37\">DP37</a></td><td>Indre-et-Loire</td></tr><tr><td><a href=\"CodeSystem-TRE-R16-LieuFormation.html#TRE-R16-LieuFormation-DP38\">DP38</a></td><td>Isère</td></tr><tr><td><a href=\"CodeSystem-TRE-R16-LieuFormation.html#TRE-R16-LieuFormation-DP39\">DP39</a></td><td>Jura</td></tr><tr><td><a href=\"CodeSystem-TRE-R16-LieuFormation.html#TRE-R16-LieuFormation-DP40\">DP40</a></td><td>Landes</td></tr><tr><td><a href=\"CodeSystem-TRE-R16-LieuFormation.html#TRE-R16-LieuFormation-DP41\">DP41</a></td><td>Loir-et-Cher</td></tr><tr><td><a href=\"CodeSystem-TRE-R16-LieuFormation.html#TRE-R16-LieuFormation-DP42\">DP42</a></td><td>Loire</td></tr><tr><td><a href=\"CodeSystem-TRE-R16-LieuFormation.html#TRE-R16-LieuFormation-DP43\">DP43</a></td><td>Haute-Loire</td></tr><tr><td><a href=\"CodeSystem-TRE-R16-LieuFormation.html#TRE-R16-LieuFormation-DP44\">DP44</a></td><td>Loire-Atlantique</td></tr><tr><td><a href=\"CodeSystem-TRE-R16-LieuFormation.html#TRE-R16-LieuFormation-DP45\">DP45</a></td><td>Loiret</td></tr><tr><td><a href=\"CodeSystem-TRE-R16-LieuFormation.html#TRE-R16-LieuFormation-DP46\">DP46</a></td><td>Lot</td></tr><tr><td><a href=\"CodeSystem-TRE-R16-LieuFormation.html#TRE-R16-LieuFormation-DP47\">DP47</a></td><td>Lot-et-Garonne</td></tr><tr><td><a href=\"CodeSystem-TRE-R16-LieuFormation.html#TRE-R16-LieuFormation-DP48\">DP48</a></td><td>Lozère</td></tr><tr><td><a href=\"CodeSystem-TRE-R16-LieuFormation.html#TRE-R16-LieuFormation-DP49\">DP49</a></td><td>Maine-et-Loire</td></tr><tr><td><a href=\"CodeSystem-TRE-R16-LieuFormation.html#TRE-R16-LieuFormation-DP50\">DP50</a></td><td>Manche</td></tr><tr><td><a href=\"CodeSystem-TRE-R16-LieuFormation.html#TRE-R16-LieuFormation-DP51\">DP51</a></td><td>Marne</td></tr><tr><td><a href=\"CodeSystem-TRE-R16-LieuFormation.html#TRE-R16-LieuFormation-DP52\">DP52</a></td><td>Haute-Marne</td></tr><tr><td><a href=\"CodeSystem-TRE-R16-LieuFormation.html#TRE-R16-LieuFormation-DP53\">DP53</a></td><td>Mayenne</td></tr><tr><td><a href=\"CodeSystem-TRE-R16-LieuFormation.html#TRE-R16-LieuFormation-DP54\">DP54</a></td><td>Meurthe-et-Moselle</td></tr><tr><td><a href=\"CodeSystem-TRE-R16-LieuFormation.html#TRE-R16-LieuFormation-DP55\">DP55</a></td><td>Meuse</td></tr><tr><td><a href=\"CodeSystem-TRE-R16-LieuFormation.html#TRE-R16-LieuFormation-DP56\">DP56</a></td><td>Morbihan</td></tr><tr><td><a href=\"CodeSystem-TRE-R16-LieuFormation.html#TRE-R16-LieuFormation-DP57\">DP57</a></td><td>Moselle</td></tr><tr><td><a href=\"CodeSystem-TRE-R16-LieuFormation.html#TRE-R16-LieuFormation-DP58\">DP58</a></td><td>Nièvre</td></tr><tr><td><a href=\"CodeSystem-TRE-R16-LieuFormation.html#TRE-R16-LieuFormation-DP59\">DP59</a></td><td>Nord</td></tr><tr><td><a href=\"CodeSystem-TRE-R16-LieuFormation.html#TRE-R16-LieuFormation-DP60\">DP60</a></td><td>Oise</td></tr><tr><td><a href=\"CodeSystem-TRE-R16-LieuFormation.html#TRE-R16-LieuFormation-DP61\">DP61</a></td><td>Orne</td></tr><tr><td><a href=\"CodeSystem-TRE-R16-LieuFormation.html#TRE-R16-LieuFormation-DP62\">DP62</a></td><td>Pas-de-Calais</td></tr><tr><td><a href=\"CodeSystem-TRE-R16-LieuFormation.html#TRE-R16-LieuFormation-DP63\">DP63</a></td><td>Puy-de-Dôme</td></tr><tr><td><a href=\"CodeSystem-TRE-R16-LieuFormation.html#TRE-R16-LieuFormation-DP64\">DP64</a></td><td>Pyrénées-Atlantiques</td></tr><tr><td><a href=\"CodeSystem-TRE-R16-LieuFormation.html#TRE-R16-LieuFormation-DP65\">DP65</a></td><td>Hautes-Pyrénées</td></tr><tr><td><a href=\"CodeSystem-TRE-R16-LieuFormation.html#TRE-R16-LieuFormation-DP66\">DP66</a></td><td>Pyrénées-Orientales</td></tr><tr><td><a href=\"CodeSystem-TRE-R16-LieuFormation.html#TRE-R16-LieuFormation-DP67\">DP67</a></td><td>Bas-Rhin</td></tr><tr><td><a href=\"CodeSystem-TRE-R16-LieuFormation.html#TRE-R16-LieuFormation-DP68\">DP68</a></td><td>Haut-Rhin</td></tr><tr><td><a href=\"CodeSystem-TRE-R16-LieuFormation.html#TRE-R16-LieuFormation-DP69\">DP69</a></td><td>Rhône</td></tr><tr><td><a href=\"CodeSystem-TRE-R16-LieuFormation.html#TRE-R16-LieuFormation-DP70\">DP70</a></td><td>Haute-Saône</td></tr><tr><td><a href=\"CodeSystem-TRE-R16-LieuFormation.html#TRE-R16-LieuFormation-DP71\">DP71</a></td><td>Saône-et-Loire</td></tr><tr><td><a href=\"CodeSystem-TRE-R16-LieuFormation.html#TRE-R16-LieuFormation-DP72\">DP72</a></td><td>Sarthe</td></tr><tr><td><a href=\"CodeSystem-TRE-R16-LieuFormation.html#TRE-R16-LieuFormation-DP73\">DP73</a></td><td>Savoie</td></tr><tr><td><a href=\"CodeSystem-TRE-R16-LieuFormation.html#TRE-R16-LieuFormation-DP74\">DP74</a></td><td>Haute-Savoie</td></tr><tr><td><a href=\"CodeSystem-TRE-R16-LieuFormation.html#TRE-R16-LieuFormation-DP75\">DP75</a></td><td>Paris</td></tr><tr><td><a href=\"CodeSystem-TRE-R16-LieuFormation.html#TRE-R16-LieuFormation-DP76\">DP76</a></td><td>Seine-Maritime</td></tr><tr><td><a href=\"CodeSystem-TRE-R16-LieuFormation.html#TRE-R16-LieuFormation-DP77\">DP77</a></td><td>Seine-et-Marne</td></tr><tr><td><a href=\"CodeSystem-TRE-R16-LieuFormation.html#TRE-R16-LieuFormation-DP78\">DP78</a></td><td>Yvelines</td></tr><tr><td><a href=\"CodeSystem-TRE-R16-LieuFormation.html#TRE-R16-LieuFormation-DP79\">DP79</a></td><td>Deux-Sèvres</td></tr><tr><td><a href=\"CodeSystem-TRE-R16-LieuFormation.html#TRE-R16-LieuFormation-DP80\">DP80</a></td><td>Somme</td></tr><tr><td><a href=\"CodeSystem-TRE-R16-LieuFormation.html#TRE-R16-LieuFormation-DP81\">DP81</a></td><td>Tarn</td></tr><tr><td><a href=\"CodeSystem-TRE-R16-LieuFormation.html#TRE-R16-LieuFormation-DP82\">DP82</a></td><td>Tarn-et-Garonne</td></tr><tr><td><a href=\"CodeSystem-TRE-R16-LieuFormation.html#TRE-R16-LieuFormation-DP83\">DP83</a></td><td>Var</td></tr><tr><td><a href=\"CodeSystem-TRE-R16-LieuFormation.html#TRE-R16-LieuFormation-DP84\">DP84</a></td><td>Vaucluse</td></tr><tr><td><a href=\"CodeSystem-TRE-R16-LieuFormation.html#TRE-R16-LieuFormation-DP85\">DP85</a></td><td>Vendée</td></tr><tr><td><a href=\"CodeSystem-TRE-R16-LieuFormation.html#TRE-R16-LieuFormation-DP86\">DP86</a></td><td>Vienne</td></tr><tr><td><a href=\"CodeSystem-TRE-R16-LieuFormation.html#TRE-R16-LieuFormation-DP87\">DP87</a></td><td>Haute-Vienne</td></tr><tr><td><a href=\"CodeSystem-TRE-R16-LieuFormation.html#TRE-R16-LieuFormation-DP88\">DP88</a></td><td>Vosges</td></tr><tr><td><a href=\"CodeSystem-TRE-R16-LieuFormation.html#TRE-R16-LieuFormation-DP89\">DP89</a></td><td>Yonne</td></tr><tr><td><a href=\"CodeSystem-TRE-R16-LieuFormation.html#TRE-R16-LieuFormation-DP90\">DP90</a></td><td>Territoire de Belfort</td></tr><tr><td><a href=\"CodeSystem-TRE-R16-LieuFormation.html#TRE-R16-LieuFormation-DP91\">DP91</a></td><td>Essonne</td></tr><tr><td><a href=\"CodeSystem-TRE-R16-LieuFormation.html#TRE-R16-LieuFormation-DP92\">DP92</a></td><td>Hauts-de-Seine</td></tr><tr><td><a href=\"CodeSystem-TRE-R16-LieuFormation.html#TRE-R16-LieuFormation-DP93\">DP93</a></td><td>Seine-St-Denis</td></tr><tr><td><a href=\"CodeSystem-TRE-R16-LieuFormation.html#TRE-R16-LieuFormation-DP94\">DP94</a></td><td>Val-de-Marne</td></tr><tr><td><a href=\"CodeSystem-TRE-R16-LieuFormation.html#TRE-R16-LieuFormation-DP95\">DP95</a></td><td>Val-d'Oise</td></tr><tr><td><a href=\"CodeSystem-TRE-R16-LieuFormation.html#TRE-R16-LieuFormation-DP971\">DP971</a></td><td>Guadeloupe</td></tr><tr><td><a href=\"CodeSystem-TRE-R16-LieuFormation.html#TRE-R16-LieuFormation-DP972\">DP972</a></td><td>Martinique</td></tr><tr><td><a href=\"CodeSystem-TRE-R16-LieuFormation.html#TRE-R16-LieuFormation-DP973\">DP973</a></td><td>Guyane</td></tr><tr><td><a href=\"CodeSystem-TRE-R16-LieuFormation.html#TRE-R16-LieuFormation-DP974\">DP974</a></td><td>Réunion</td></tr><tr><td><a href=\"CodeSystem-TRE-R16-LieuFormation.html#TRE-R16-LieuFormation-DP975\">DP975</a></td><td>Saint-Pierre-Et-Miquelon</td></tr><tr><td><a href=\"CodeSystem-TRE-R16-LieuFormation.html#TRE-R16-LieuFormation-DP976\">DP976</a></td><td>Mayotte</td></tr><tr><td><a href=\"CodeSystem-TRE-R16-LieuFormation.html#TRE-R16-LieuFormation-DP977\">DP977</a></td><td>Saint-Barthélemy</td></tr><tr><td><a href=\"CodeSystem-TRE-R16-LieuFormation.html#TRE-R16-LieuFormation-DP978\">DP978</a></td><td>Saint-Martin</td></tr><tr><td><a href=\"CodeSystem-TRE-R16-LieuFormation.html#TRE-R16-LieuFormation-DP984\">DP984</a></td><td>Terres Australes Françaises</td></tr><tr><td><a href=\"CodeSystem-TRE-R16-LieuFormation.html#TRE-R16-LieuFormation-DP986\">DP986</a></td><td>Wallis-Et-Futuna</td></tr><tr><td><a href=\"CodeSystem-TRE-R16-LieuFormation.html#TRE-R16-LieuFormation-DP987\">DP987</a></td><td>Polynésie Française</td></tr><tr><td><a href=\"CodeSystem-TRE-R16-LieuFormation.html#TRE-R16-LieuFormation-DP988\">DP988</a></td><td>Nouvelle-Calédonie</td></tr><tr><td><a href=\"CodeSystem-TRE-R16-LieuFormation.html#TRE-R16-LieuFormation-DP989\">DP989</a></td><td>Ile de Clipperton</td></tr><tr><td><a href=\"CodeSystem-TRE-R16-LieuFormation.html#TRE-R16-LieuFormation-U999\">U999</a></td><td>France - Inconnu</td></tr></table></li></ul></div>"
  },
  "extension" : [{
    "url" : "http://hl7.org/fhir/StructureDefinition/resource-effectivePeriod",
    "valuePeriod" : {
      "start" : "2022-09-30T12:00:00+01:00"
    }
  }],
  "url" : "https://mos.esante.gouv.fr/NOS/JDV_J235-LieuFormation-EPARS/FHIR/JDV-J235-LieuFormation-EPARS",
  "identifier" : [{
    "system" : "urn:ietf:rfc:3986",
    "value" : "urn:oid:1.2.250.1.213.1.6.1.246"
  }],
  "version" : "20240726120000",
  "name" : "JDV_J235_LieuFormation_EPARS",
  "status" : "active",
  "experimental" : false,
  "date" : "2024-07-26T12:00:00+01:00",
  "publisher" : "Agence du Numérique en Santé (ANS) - 2-10 Rue d'Oradour-sur-Glane, 75015 Paris",
  "description" : "Lieu de formation pour EPARS",
  "jurisdiction" : [{
    "coding" : [{
      "system" : "urn:iso:std:iso:3166",
      "code" : "FR"
    }]
  }],
  "compose" : {
    "include" : [{
      "system" : "https://mos.esante.gouv.fr/NOS/TRE_R16-LieuFormation/FHIR/TRE-R16-LieuFormation",
      "concept" : [{
        "code" : "DP01",
        "display" : "Ain"
      },
      {
        "code" : "DP02",
        "display" : "Aisne"
      },
      {
        "code" : "DP03",
        "display" : "Allier"
      },
      {
        "code" : "DP04",
        "display" : "Alpes-de-Haute-Provence"
      },
      {
        "code" : "DP05",
        "display" : "Hautes-Alpes"
      },
      {
        "code" : "DP06",
        "display" : "Alpes-Maritimes"
      },
      {
        "code" : "DP07",
        "display" : "Ardèche"
      },
      {
        "code" : "DP08",
        "display" : "Ardennes"
      },
      {
        "code" : "DP09",
        "display" : "Ariège"
      },
      {
        "code" : "DP10",
        "display" : "Aube"
      },
      {
        "code" : "DP11",
        "display" : "Aude"
      },
      {
        "code" : "DP12",
        "display" : "Aveyron"
      },
      {
        "code" : "DP13",
        "display" : "Bouches-du-Rhône"
      },
      {
        "code" : "DP14",
        "display" : "Calvados"
      },
      {
        "code" : "DP15",
        "display" : "Cantal"
      },
      {
        "code" : "DP16",
        "display" : "Charente"
      },
      {
        "code" : "DP17",
        "display" : "Charente-Maritime"
      },
      {
        "code" : "DP18",
        "display" : "Cher"
      },
      {
        "code" : "DP19",
        "display" : "Corrèze"
      },
      {
        "code" : "DP21",
        "display" : "Côte-d'Or"
      },
      {
        "code" : "DP22",
        "display" : "Cotes-d'Armor"
      },
      {
        "code" : "DP23",
        "display" : "Creuse"
      },
      {
        "code" : "DP24",
        "display" : "Dordogne"
      },
      {
        "code" : "DP25",
        "display" : "Doubs"
      },
      {
        "code" : "DP26",
        "display" : "Drôme"
      },
      {
        "code" : "DP27",
        "display" : "Eure"
      },
      {
        "code" : "DP28",
        "display" : "Eure-et-Loir"
      },
      {
        "code" : "DP29",
        "display" : "Finistère"
      },
      {
        "code" : "DP2A",
        "display" : "Corse-du-Sud"
      },
      {
        "code" : "DP2B",
        "display" : "Haute-Corse"
      },
      {
        "code" : "DP30",
        "display" : "Gard"
      },
      {
        "code" : "DP31",
        "display" : "Haute-Garonne"
      },
      {
        "code" : "DP32",
        "display" : "Gers"
      },
      {
        "code" : "DP33",
        "display" : "Gironde"
      },
      {
        "code" : "DP34",
        "display" : "Hérault"
      },
      {
        "code" : "DP35",
        "display" : "Ille-et-Vilaine"
      },
      {
        "code" : "DP36",
        "display" : "Indre"
      },
      {
        "code" : "DP37",
        "display" : "Indre-et-Loire"
      },
      {
        "code" : "DP38",
        "display" : "Isère"
      },
      {
        "code" : "DP39",
        "display" : "Jura"
      },
      {
        "code" : "DP40",
        "display" : "Landes"
      },
      {
        "code" : "DP41",
        "display" : "Loir-et-Cher"
      },
      {
        "code" : "DP42",
        "display" : "Loire"
      },
      {
        "code" : "DP43",
        "display" : "Haute-Loire"
      },
      {
        "code" : "DP44",
        "display" : "Loire-Atlantique"
      },
      {
        "code" : "DP45",
        "display" : "Loiret"
      },
      {
        "code" : "DP46",
        "display" : "Lot"
      },
      {
        "code" : "DP47",
        "display" : "Lot-et-Garonne"
      },
      {
        "code" : "DP48",
        "display" : "Lozère"
      },
      {
        "code" : "DP49",
        "display" : "Maine-et-Loire"
      },
      {
        "code" : "DP50",
        "display" : "Manche"
      },
      {
        "code" : "DP51",
        "display" : "Marne"
      },
      {
        "code" : "DP52",
        "display" : "Haute-Marne"
      },
      {
        "code" : "DP53",
        "display" : "Mayenne"
      },
      {
        "code" : "DP54",
        "display" : "Meurthe-et-Moselle"
      },
      {
        "code" : "DP55",
        "display" : "Meuse"
      },
      {
        "code" : "DP56",
        "display" : "Morbihan"
      },
      {
        "code" : "DP57",
        "display" : "Moselle"
      },
      {
        "code" : "DP58",
        "display" : "Nièvre"
      },
      {
        "code" : "DP59",
        "display" : "Nord"
      },
      {
        "code" : "DP60",
        "display" : "Oise"
      },
      {
        "code" : "DP61",
        "display" : "Orne"
      },
      {
        "code" : "DP62",
        "display" : "Pas-de-Calais"
      },
      {
        "code" : "DP63",
        "display" : "Puy-de-Dôme"
      },
      {
        "code" : "DP64",
        "display" : "Pyrénées-Atlantiques"
      },
      {
        "code" : "DP65",
        "display" : "Hautes-Pyrénées"
      },
      {
        "code" : "DP66",
        "display" : "Pyrénées-Orientales"
      },
      {
        "code" : "DP67",
        "display" : "Bas-Rhin"
      },
      {
        "code" : "DP68",
        "display" : "Haut-Rhin"
      },
      {
        "code" : "DP69",
        "display" : "Rhône"
      },
      {
        "code" : "DP70",
        "display" : "Haute-Saône"
      },
      {
        "code" : "DP71",
        "display" : "Saône-et-Loire"
      },
      {
        "code" : "DP72",
        "display" : "Sarthe"
      },
      {
        "code" : "DP73",
        "display" : "Savoie"
      },
      {
        "code" : "DP74",
        "display" : "Haute-Savoie"
      },
      {
        "code" : "DP75",
        "display" : "Paris"
      },
      {
        "code" : "DP76",
        "display" : "Seine-Maritime"
      },
      {
        "code" : "DP77",
        "display" : "Seine-et-Marne"
      },
      {
        "code" : "DP78",
        "display" : "Yvelines"
      },
      {
        "code" : "DP79",
        "display" : "Deux-Sèvres"
      },
      {
        "code" : "DP80",
        "display" : "Somme"
      },
      {
        "code" : "DP81",
        "display" : "Tarn"
      },
      {
        "code" : "DP82",
        "display" : "Tarn-et-Garonne"
      },
      {
        "code" : "DP83",
        "display" : "Var"
      },
      {
        "code" : "DP84",
        "display" : "Vaucluse"
      },
      {
        "code" : "DP85",
        "display" : "Vendée"
      },
      {
        "code" : "DP86",
        "display" : "Vienne"
      },
      {
        "code" : "DP87",
        "display" : "Haute-Vienne"
      },
      {
        "code" : "DP88",
        "display" : "Vosges"
      },
      {
        "code" : "DP89",
        "display" : "Yonne"
      },
      {
        "code" : "DP90",
        "display" : "Territoire de Belfort"
      },
      {
        "code" : "DP91",
        "display" : "Essonne"
      },
      {
        "code" : "DP92",
        "display" : "Hauts-de-Seine"
      },
      {
        "code" : "DP93",
        "display" : "Seine-St-Denis"
      },
      {
        "code" : "DP94",
        "display" : "Val-de-Marne"
      },
      {
        "code" : "DP95",
        "display" : "Val-d'Oise"
      },
      {
        "code" : "DP971",
        "display" : "Guadeloupe"
      },
      {
        "code" : "DP972",
        "display" : "Martinique"
      },
      {
        "code" : "DP973",
        "display" : "Guyane"
      },
      {
        "code" : "DP974",
        "display" : "Réunion"
      },
      {
        "code" : "DP975",
        "display" : "Saint-Pierre-Et-Miquelon"
      },
      {
        "code" : "DP976",
        "display" : "Mayotte"
      },
      {
        "code" : "DP977",
        "display" : "Saint-Barthélemy"
      },
      {
        "code" : "DP978",
        "display" : "Saint-Martin"
      },
      {
        "code" : "DP984",
        "display" : "Terres Australes Françaises"
      },
      {
        "code" : "DP986",
        "display" : "Wallis-Et-Futuna"
      },
      {
        "code" : "DP987",
        "display" : "Polynésie Française"
      },
      {
        "code" : "DP988",
        "display" : "Nouvelle-Calédonie"
      },
      {
        "code" : "DP989",
        "display" : "Ile de Clipperton"
      },
      {
        "code" : "U999",
        "display" : "France - Inconnu"
      }]
    }]
  }
}