{
  "resourceType" : "ValueSet",
  "id" : "JDV-J257-Region",
  "meta" : {
    "versionId" : "4",
    "lastUpdated" : "2024-06-28T16:10:04.068+00:00",
    "profile" : ["http://hl7.org/fhir/StructureDefinition/shareablevalueset"]
  },
  "text" : {
    "status" : "generated",
    "div" : "<div xmlns=\"http://www.w3.org/1999/xhtml\"><p class=\"res-header-id\"><b>Generated Narrative: ValueSet JDV-J257-Region</b></p><a name=\"JDV-J257-Region\"> </a><a name=\"hcJDV-J257-Region\"> </a><a name=\"JDV-J257-Region-fr-FR\"> </a><div style=\"display: inline-block; background-color: #d9e0e7; padding: 6px; margin: 4px; border: 1px solid #8da1b4; border-radius: 5px; line-height: 60%\"><p style=\"margin-bottom: 0px\">version: 4; Last updated: 2024-06-28 16:10:04+0000</p><p style=\"margin-bottom: 0px\">Profile: <a href=\"http://hl7.org/fhir/R4/shareablevalueset.html\">Shareable ValueSet</a></p></div><ul><li>Include these codes as defined in <a href=\"CodeSystem-TRE-R30-RegionOM.html\"><code>https://mos.esante.gouv.fr/NOS/TRE_R30-RegionOM/FHIR/TRE-R30-RegionOM</code></a><table class=\"none\"><tr><td style=\"white-space:nowrap\"><b>Code</b></td><td><b>Display</b></td></tr><tr><td><a href=\"CodeSystem-TRE-R30-RegionOM.html#TRE-R30-RegionOM-01\">01</a></td><td>Guadeloupe</td></tr><tr><td><a href=\"CodeSystem-TRE-R30-RegionOM.html#TRE-R30-RegionOM-02\">02</a></td><td>Martinique</td></tr><tr><td><a href=\"CodeSystem-TRE-R30-RegionOM.html#TRE-R30-RegionOM-03\">03</a></td><td>Guyane</td></tr><tr><td><a href=\"CodeSystem-TRE-R30-RegionOM.html#TRE-R30-RegionOM-04\">04</a></td><td>La Réunion</td></tr><tr><td><a href=\"CodeSystem-TRE-R30-RegionOM.html#TRE-R30-RegionOM-06\">06</a></td><td>Mayotte</td></tr><tr><td><a href=\"CodeSystem-TRE-R30-RegionOM.html#TRE-R30-RegionOM-11\">11</a></td><td>Île-de-France</td></tr><tr><td><a href=\"CodeSystem-TRE-R30-RegionOM.html#TRE-R30-RegionOM-24\">24</a></td><td>Centre-Val de Loire</td></tr><tr><td><a href=\"CodeSystem-TRE-R30-RegionOM.html#TRE-R30-RegionOM-27\">27</a></td><td>Bourgogne-Franche-Comté</td></tr><tr><td><a href=\"CodeSystem-TRE-R30-RegionOM.html#TRE-R30-RegionOM-28\">28</a></td><td>Normandie</td></tr><tr><td><a href=\"CodeSystem-TRE-R30-RegionOM.html#TRE-R30-RegionOM-32\">32</a></td><td>Hauts-de-France</td></tr><tr><td><a href=\"CodeSystem-TRE-R30-RegionOM.html#TRE-R30-RegionOM-44\">44</a></td><td>Grand Est</td></tr><tr><td><a href=\"CodeSystem-TRE-R30-RegionOM.html#TRE-R30-RegionOM-52\">52</a></td><td>Pays de la Loire</td></tr><tr><td><a href=\"CodeSystem-TRE-R30-RegionOM.html#TRE-R30-RegionOM-53\">53</a></td><td>Bretagne</td></tr><tr><td><a href=\"CodeSystem-TRE-R30-RegionOM.html#TRE-R30-RegionOM-75\">75</a></td><td>Nouvelle-Aquitaine</td></tr><tr><td><a href=\"CodeSystem-TRE-R30-RegionOM.html#TRE-R30-RegionOM-76\">76</a></td><td>Occitanie</td></tr><tr><td><a href=\"CodeSystem-TRE-R30-RegionOM.html#TRE-R30-RegionOM-84\">84</a></td><td>Auvergne-Rhône-Alpes</td></tr><tr><td><a href=\"CodeSystem-TRE-R30-RegionOM.html#TRE-R30-RegionOM-93\">93</a></td><td>Provence-Alpes-Côte d'Azur</td></tr><tr><td><a href=\"CodeSystem-TRE-R30-RegionOM.html#TRE-R30-RegionOM-94\">94</a></td><td>Corse</td></tr><tr><td><a href=\"CodeSystem-TRE-R30-RegionOM.html#TRE-R30-RegionOM-975\">975</a></td><td>Saint-Pierre-et-Miquelon</td></tr><tr><td><a href=\"CodeSystem-TRE-R30-RegionOM.html#TRE-R30-RegionOM-977\">977</a></td><td>Saint-Barthélemy</td></tr><tr><td><a href=\"CodeSystem-TRE-R30-RegionOM.html#TRE-R30-RegionOM-978\">978</a></td><td>Saint-Martin</td></tr><tr><td><a href=\"CodeSystem-TRE-R30-RegionOM.html#TRE-R30-RegionOM-984\">984</a></td><td>Terres australes et antarctiques françaises</td></tr><tr><td><a href=\"CodeSystem-TRE-R30-RegionOM.html#TRE-R30-RegionOM-986\">986</a></td><td>Wallis-et-Futuna</td></tr><tr><td><a href=\"CodeSystem-TRE-R30-RegionOM.html#TRE-R30-RegionOM-987\">987</a></td><td>Polynésie française</td></tr><tr><td><a href=\"CodeSystem-TRE-R30-RegionOM.html#TRE-R30-RegionOM-988\">988</a></td><td>Nouvelle-Calédonie</td></tr><tr><td><a href=\"CodeSystem-TRE-R30-RegionOM.html#TRE-R30-RegionOM-989\">989</a></td><td>La Passion-Clipperton</td></tr><tr><td><a href=\"CodeSystem-TRE-R30-RegionOM.html#TRE-R30-RegionOM-99138\">99138</a></td><td>Monaco</td></tr></table></li></ul></div>"
  },
  "extension" : [{
    "url" : "http://hl7.org/fhir/StructureDefinition/resource-effectivePeriod",
    "valuePeriod" : {
      "start" : "2024-01-26T12:00:00+01:00"
    }
  }],
  "url" : "https://mos.esante.gouv.fr/NOS/JDV_J257-Region/FHIR/JDV-J257-Region",
  "identifier" : [{
    "system" : "urn:ietf:rfc:3986",
    "value" : "urn:oid:1.2.250.1.213.1.1.5.763"
  }],
  "version" : "20240628120000",
  "name" : "JDV_J257_Region",
  "status" : "active",
  "experimental" : false,
  "date" : "2024-06-28T12:00:00+01:00",
  "publisher" : "Agence du Numérique en Santé (ANS) - 2-10 Rue d'Oradour-sur-Glane, 75015 Paris",
  "description" : "Tous les codes actifs des régions et collectivités d'outre-mer actives + Monaco du COG INSEE",
  "compose" : {
    "include" : [{
      "system" : "https://mos.esante.gouv.fr/NOS/TRE_R30-RegionOM/FHIR/TRE-R30-RegionOM",
      "concept" : [{
        "code" : "01",
        "display" : "Guadeloupe"
      },
      {
        "code" : "02",
        "display" : "Martinique"
      },
      {
        "code" : "03",
        "display" : "Guyane"
      },
      {
        "code" : "04",
        "display" : "La Réunion"
      },
      {
        "code" : "06",
        "display" : "Mayotte"
      },
      {
        "code" : "11",
        "display" : "Île-de-France"
      },
      {
        "code" : "24",
        "display" : "Centre-Val de Loire"
      },
      {
        "code" : "27",
        "display" : "Bourgogne-Franche-Comté"
      },
      {
        "code" : "28",
        "display" : "Normandie"
      },
      {
        "code" : "32",
        "display" : "Hauts-de-France"
      },
      {
        "code" : "44",
        "display" : "Grand Est"
      },
      {
        "code" : "52",
        "display" : "Pays de la Loire"
      },
      {
        "code" : "53",
        "display" : "Bretagne"
      },
      {
        "code" : "75",
        "display" : "Nouvelle-Aquitaine"
      },
      {
        "code" : "76",
        "display" : "Occitanie"
      },
      {
        "code" : "84",
        "display" : "Auvergne-Rhône-Alpes"
      },
      {
        "code" : "93",
        "display" : "Provence-Alpes-Côte d'Azur"
      },
      {
        "code" : "94",
        "display" : "Corse"
      },
      {
        "code" : "975",
        "display" : "Saint-Pierre-et-Miquelon"
      },
      {
        "code" : "977",
        "display" : "Saint-Barthélemy"
      },
      {
        "code" : "978",
        "display" : "Saint-Martin"
      },
      {
        "code" : "984",
        "display" : "Terres australes et antarctiques françaises"
      },
      {
        "code" : "986",
        "display" : "Wallis-et-Futuna"
      },
      {
        "code" : "987",
        "display" : "Polynésie française"
      },
      {
        "code" : "988",
        "display" : "Nouvelle-Calédonie"
      },
      {
        "code" : "989",
        "display" : "La Passion-Clipperton"
      },
      {
        "code" : "99138",
        "display" : "Monaco"
      }]
    }]
  }
}