{
  "resourceType" : "ValueSet",
  "id" : "JDV-J249-TerritoireSante-ROR",
  "meta" : {
    "versionId" : "3",
    "lastUpdated" : "2024-04-27T05:07:36.884+00:00",
    "profile" : ["http://hl7.org/fhir/StructureDefinition/shareablevalueset"]
  },
  "language" : "fr-FR",
  "text" : {
    "status" : "generated",
    "div" : "<div xmlns=\"http://www.w3.org/1999/xhtml\" xml:lang=\"fr-FR\" lang=\"fr-FR\"><p class=\"res-header-id\"><b>Generated Narrative: ValueSet JDV-J249-TerritoireSante-ROR</b></p><a name=\"JDV-J249-TerritoireSante-ROR\"> </a><a name=\"hcJDV-J249-TerritoireSante-ROR\"> </a><a name=\"JDV-J249-TerritoireSante-ROR-fr-FR\"> </a><div style=\"display: inline-block; background-color: #d9e0e7; padding: 6px; margin: 4px; border: 1px solid #8da1b4; border-radius: 5px; line-height: 60%\"><p style=\"margin-bottom: 0px\">version: 3; Last updated: 2024-04-27 05:07:36+0000; Language: fr-FR</p><p style=\"margin-bottom: 0px\">Profil: <a href=\"http://hl7.org/fhir/R4/shareablevalueset.html\">Shareable ValueSet</a></p></div><ul><li>Include ces codes sont définis dans <a href=\"CodeSystem-TRE-R88-TerritoireSante.html\"><code>https://mos.esante.gouv.fr/NOS/TRE_R88-TerritoireSante/FHIR/TRE-R88-TerritoireSante</code></a><table class=\"none\"><tr><td style=\"white-space:nowrap\"><b>Code</b></td><td><b>Display</b></td></tr><tr><td><a href=\"CodeSystem-TRE-R88-TerritoireSante.html#TRE-R88-TerritoireSante-001\">001</a></td><td>Sud Yonne Haut-Nivernais</td></tr><tr><td><a href=\"CodeSystem-TRE-R88-TerritoireSante.html#TRE-R88-TerritoireSante-002\">002</a></td><td>Bourgogne méridionale</td></tr><tr><td><a href=\"CodeSystem-TRE-R88-TerritoireSante.html#TRE-R88-TerritoireSante-011\">011</a></td><td>Centre</td></tr><tr><td><a href=\"CodeSystem-TRE-R88-TerritoireSante.html#TRE-R88-TerritoireSante-012\">012</a></td><td>Sud Basse-Terre</td></tr><tr><td><a href=\"CodeSystem-TRE-R88-TerritoireSante.html#TRE-R88-TerritoireSante-013\">013</a></td><td>Iles du nord</td></tr><tr><td><a href=\"CodeSystem-TRE-R88-TerritoireSante.html#TRE-R88-TerritoireSante-021\">021</a></td><td>Nord Caraïbe</td></tr><tr><td><a href=\"CodeSystem-TRE-R88-TerritoireSante.html#TRE-R88-TerritoireSante-022\">022</a></td><td>Nord Atlantique</td></tr><tr><td><a href=\"CodeSystem-TRE-R88-TerritoireSante.html#TRE-R88-TerritoireSante-023\">023</a></td><td>Centre</td></tr><tr><td><a href=\"CodeSystem-TRE-R88-TerritoireSante.html#TRE-R88-TerritoireSante-024\">024</a></td><td>Sud</td></tr><tr><td><a href=\"CodeSystem-TRE-R88-TerritoireSante.html#TRE-R88-TerritoireSante-031\">031</a></td><td>Guyane</td></tr><tr><td><a href=\"CodeSystem-TRE-R88-TerritoireSante.html#TRE-R88-TerritoireSante-041\">041</a></td><td>Territoire Ouest</td></tr><tr><td><a href=\"CodeSystem-TRE-R88-TerritoireSante.html#TRE-R88-TerritoireSante-042\">042</a></td><td>Territoire Nord-Est</td></tr><tr><td><a href=\"CodeSystem-TRE-R88-TerritoireSante.html#TRE-R88-TerritoireSante-043\">043</a></td><td>Territoire Sud</td></tr><tr><td><a href=\"CodeSystem-TRE-R88-TerritoireSante.html#TRE-R88-TerritoireSante-061\">061</a></td><td>Mayotte</td></tr><tr><td><a href=\"CodeSystem-TRE-R88-TerritoireSante.html#TRE-R88-TerritoireSante-111\">111</a></td><td>Essonne</td></tr><tr><td><a href=\"CodeSystem-TRE-R88-TerritoireSante.html#TRE-R88-TerritoireSante-112\">112</a></td><td>Hauts-de-Seine</td></tr><tr><td><a href=\"CodeSystem-TRE-R88-TerritoireSante.html#TRE-R88-TerritoireSante-113\">113</a></td><td>Paris</td></tr><tr><td><a href=\"CodeSystem-TRE-R88-TerritoireSante.html#TRE-R88-TerritoireSante-114\">114</a></td><td>Seine-et-Marne</td></tr><tr><td><a href=\"CodeSystem-TRE-R88-TerritoireSante.html#TRE-R88-TerritoireSante-115\">115</a></td><td>Seine-Saint-Denis</td></tr><tr><td><a href=\"CodeSystem-TRE-R88-TerritoireSante.html#TRE-R88-TerritoireSante-116\">116</a></td><td>Val-de-Marne</td></tr><tr><td><a href=\"CodeSystem-TRE-R88-TerritoireSante.html#TRE-R88-TerritoireSante-117\">117</a></td><td>Val-d'Oise</td></tr><tr><td><a href=\"CodeSystem-TRE-R88-TerritoireSante.html#TRE-R88-TerritoireSante-118\">118</a></td><td>Yvelines</td></tr><tr><td><a href=\"CodeSystem-TRE-R88-TerritoireSante.html#TRE-R88-TerritoireSante-211\">211</a></td><td>Nord (51-08)</td></tr><tr><td><a href=\"CodeSystem-TRE-R88-TerritoireSante.html#TRE-R88-TerritoireSante-212\">212</a></td><td>Sud (52-10)</td></tr><tr><td><a href=\"CodeSystem-TRE-R88-TerritoireSante.html#TRE-R88-TerritoireSante-221\">221</a></td><td>Oise Est</td></tr><tr><td><a href=\"CodeSystem-TRE-R88-TerritoireSante.html#TRE-R88-TerritoireSante-222\">222</a></td><td>Oise Ouest</td></tr><tr><td><a href=\"CodeSystem-TRE-R88-TerritoireSante.html#TRE-R88-TerritoireSante-223\">223</a></td><td>Aisne Nord Haute Somme</td></tr><tr><td><a href=\"CodeSystem-TRE-R88-TerritoireSante.html#TRE-R88-TerritoireSante-224\">224</a></td><td>Somme</td></tr><tr><td><a href=\"CodeSystem-TRE-R88-TerritoireSante.html#TRE-R88-TerritoireSante-225\">225</a></td><td>Aisne Sud</td></tr><tr><td><a href=\"CodeSystem-TRE-R88-TerritoireSante.html#TRE-R88-TerritoireSante-231\">231</a></td><td>Rouen-Elbeuf</td></tr><tr><td><a href=\"CodeSystem-TRE-R88-TerritoireSante.html#TRE-R88-TerritoireSante-232\">232</a></td><td>Dieppe</td></tr><tr><td><a href=\"CodeSystem-TRE-R88-TerritoireSante.html#TRE-R88-TerritoireSante-233\">233</a></td><td>Le Havre</td></tr><tr><td><a href=\"CodeSystem-TRE-R88-TerritoireSante.html#TRE-R88-TerritoireSante-234\">234</a></td><td>Evreux-Vernon</td></tr><tr><td><a href=\"CodeSystem-TRE-R88-TerritoireSante.html#TRE-R88-TerritoireSante-241\">241</a></td><td>Territoire Cher (18)</td></tr><tr><td><a href=\"CodeSystem-TRE-R88-TerritoireSante.html#TRE-R88-TerritoireSante-242\">242</a></td><td>Territoire Eure et Loir (28)</td></tr><tr><td><a href=\"CodeSystem-TRE-R88-TerritoireSante.html#TRE-R88-TerritoireSante-243\">243</a></td><td>Territoire Indre (36)</td></tr><tr><td><a href=\"CodeSystem-TRE-R88-TerritoireSante.html#TRE-R88-TerritoireSante-244\">244</a></td><td>Territoire Indre et Loire (37)</td></tr><tr><td><a href=\"CodeSystem-TRE-R88-TerritoireSante.html#TRE-R88-TerritoireSante-245\">245</a></td><td>Territoire Loir et Cher (41)</td></tr><tr><td><a href=\"CodeSystem-TRE-R88-TerritoireSante.html#TRE-R88-TerritoireSante-246\">246</a></td><td>Territoire Loiret (45)</td></tr><tr><td><a href=\"CodeSystem-TRE-R88-TerritoireSante.html#TRE-R88-TerritoireSante-251\">251</a></td><td>Calvados</td></tr><tr><td><a href=\"CodeSystem-TRE-R88-TerritoireSante.html#TRE-R88-TerritoireSante-252\">252</a></td><td>Manche</td></tr><tr><td><a href=\"CodeSystem-TRE-R88-TerritoireSante.html#TRE-R88-TerritoireSante-253\">253</a></td><td>Orne</td></tr><tr><td><a href=\"CodeSystem-TRE-R88-TerritoireSante.html#TRE-R88-TerritoireSante-261\">261</a></td><td>Côte d'Or</td></tr><tr><td><a href=\"CodeSystem-TRE-R88-TerritoireSante.html#TRE-R88-TerritoireSante-262\">262</a></td><td>Nièvre</td></tr><tr><td><a href=\"CodeSystem-TRE-R88-TerritoireSante.html#TRE-R88-TerritoireSante-263\">263</a></td><td>Saône et Loire Bresse-Morvan</td></tr><tr><td><a href=\"CodeSystem-TRE-R88-TerritoireSante.html#TRE-R88-TerritoireSante-264\">264</a></td><td>Nord Yonne</td></tr><tr><td><a href=\"CodeSystem-TRE-R88-TerritoireSante.html#TRE-R88-TerritoireSante-311\">311</a></td><td>Artois</td></tr><tr><td><a href=\"CodeSystem-TRE-R88-TerritoireSante.html#TRE-R88-TerritoireSante-312\">312</a></td><td>Hainaut</td></tr><tr><td><a href=\"CodeSystem-TRE-R88-TerritoireSante.html#TRE-R88-TerritoireSante-313\">313</a></td><td>Littoral</td></tr><tr><td><a href=\"CodeSystem-TRE-R88-TerritoireSante.html#TRE-R88-TerritoireSante-314\">314</a></td><td>Métropole</td></tr><tr><td><a href=\"CodeSystem-TRE-R88-TerritoireSante.html#TRE-R88-TerritoireSante-321\">321</a></td><td>Aisne</td></tr><tr><td><a href=\"CodeSystem-TRE-R88-TerritoireSante.html#TRE-R88-TerritoireSante-322\">322</a></td><td>Métropole Flandre</td></tr><tr><td><a href=\"CodeSystem-TRE-R88-TerritoireSante.html#TRE-R88-TerritoireSante-323\">323</a></td><td>Hainaut</td></tr><tr><td><a href=\"CodeSystem-TRE-R88-TerritoireSante.html#TRE-R88-TerritoireSante-324\">324</a></td><td>Oise</td></tr><tr><td><a href=\"CodeSystem-TRE-R88-TerritoireSante.html#TRE-R88-TerritoireSante-325\">325</a></td><td>Pas de Calais</td></tr><tr><td><a href=\"CodeSystem-TRE-R88-TerritoireSante.html#TRE-R88-TerritoireSante-326\">326</a></td><td>Somme</td></tr><tr><td><a href=\"CodeSystem-TRE-R88-TerritoireSante.html#TRE-R88-TerritoireSante-411\">411</a></td><td>Meuse</td></tr><tr><td><a href=\"CodeSystem-TRE-R88-TerritoireSante.html#TRE-R88-TerritoireSante-412\">412</a></td><td>Meurthe-et-Moselle</td></tr><tr><td><a href=\"CodeSystem-TRE-R88-TerritoireSante.html#TRE-R88-TerritoireSante-413\">413</a></td><td>Moselle</td></tr><tr><td><a href=\"CodeSystem-TRE-R88-TerritoireSante.html#TRE-R88-TerritoireSante-414\">414</a></td><td>Vosges</td></tr><tr><td><a href=\"CodeSystem-TRE-R88-TerritoireSante.html#TRE-R88-TerritoireSante-421\">421</a></td><td>Haguenau</td></tr><tr><td><a href=\"CodeSystem-TRE-R88-TerritoireSante.html#TRE-R88-TerritoireSante-422\">422</a></td><td>Strasbourg</td></tr><tr><td><a href=\"CodeSystem-TRE-R88-TerritoireSante.html#TRE-R88-TerritoireSante-423\">423</a></td><td>Colmar</td></tr><tr><td><a href=\"CodeSystem-TRE-R88-TerritoireSante.html#TRE-R88-TerritoireSante-424\">424</a></td><td>Mulhouse</td></tr><tr><td><a href=\"CodeSystem-TRE-R88-TerritoireSante.html#TRE-R88-TerritoireSante-431\">431</a></td><td>Centre Franche-Comté</td></tr><tr><td><a href=\"CodeSystem-TRE-R88-TerritoireSante.html#TRE-R88-TerritoireSante-432\">432</a></td><td>Jura</td></tr><tr><td><a href=\"CodeSystem-TRE-R88-TerritoireSante.html#TRE-R88-TerritoireSante-433\">433</a></td><td>Haute-Saône</td></tr><tr><td><a href=\"CodeSystem-TRE-R88-TerritoireSante.html#TRE-R88-TerritoireSante-434\">434</a></td><td>Nord Franche-Comté</td></tr><tr><td><a href=\"CodeSystem-TRE-R88-TerritoireSante.html#TRE-R88-TerritoireSante-521\">521</a></td><td>Territoire 1 Loire-Atlantique</td></tr><tr><td><a href=\"CodeSystem-TRE-R88-TerritoireSante.html#TRE-R88-TerritoireSante-522\">522</a></td><td>Territoire 2 Maine et Loire</td></tr><tr><td><a href=\"CodeSystem-TRE-R88-TerritoireSante.html#TRE-R88-TerritoireSante-523\">523</a></td><td>Territoire 3 Mayenne</td></tr><tr><td><a href=\"CodeSystem-TRE-R88-TerritoireSante.html#TRE-R88-TerritoireSante-524\">524</a></td><td>Territoire 4 Sarthe</td></tr><tr><td><a href=\"CodeSystem-TRE-R88-TerritoireSante.html#TRE-R88-TerritoireSante-525\">525</a></td><td>Territoire 5 Vendée</td></tr><tr><td><a href=\"CodeSystem-TRE-R88-TerritoireSante.html#TRE-R88-TerritoireSante-531\">531</a></td><td>Brest/Carhaix/Morlaix</td></tr><tr><td><a href=\"CodeSystem-TRE-R88-TerritoireSante.html#TRE-R88-TerritoireSante-532\">532</a></td><td>Quimper/Douarnenez/Pont l'Abbé</td></tr><tr><td><a href=\"CodeSystem-TRE-R88-TerritoireSante.html#TRE-R88-TerritoireSante-533\">533</a></td><td>Lorient/Quimperlé</td></tr><tr><td><a href=\"CodeSystem-TRE-R88-TerritoireSante.html#TRE-R88-TerritoireSante-534\">534</a></td><td>Vannes/Ploërmel/Malestroit</td></tr><tr><td><a href=\"CodeSystem-TRE-R88-TerritoireSante.html#TRE-R88-TerritoireSante-535\">535</a></td><td>Rennes/Fougères/Vitré/Redon</td></tr><tr><td><a href=\"CodeSystem-TRE-R88-TerritoireSante.html#TRE-R88-TerritoireSante-536\">536</a></td><td>Saint-Malo/Dinan</td></tr><tr><td><a href=\"CodeSystem-TRE-R88-TerritoireSante.html#TRE-R88-TerritoireSante-537\">537</a></td><td>Saint-Brieuc/Guingamp/Lannion</td></tr><tr><td><a href=\"CodeSystem-TRE-R88-TerritoireSante.html#TRE-R88-TerritoireSante-538\">538</a></td><td>Pontivy/Loudéac</td></tr><tr><td><a href=\"CodeSystem-TRE-R88-TerritoireSante.html#TRE-R88-TerritoireSante-541\">541</a></td><td>Charente</td></tr><tr><td><a href=\"CodeSystem-TRE-R88-TerritoireSante.html#TRE-R88-TerritoireSante-543\">543</a></td><td>Charente Maritime</td></tr><tr><td><a href=\"CodeSystem-TRE-R88-TerritoireSante.html#TRE-R88-TerritoireSante-544\">544</a></td><td>Deux-Sèvres</td></tr><tr><td><a href=\"CodeSystem-TRE-R88-TerritoireSante.html#TRE-R88-TerritoireSante-545\">545</a></td><td>Vienne</td></tr><tr><td><a href=\"CodeSystem-TRE-R88-TerritoireSante.html#TRE-R88-TerritoireSante-721\">721</a></td><td>Dordogne</td></tr><tr><td><a href=\"CodeSystem-TRE-R88-TerritoireSante.html#TRE-R88-TerritoireSante-722\">722</a></td><td>Gironde</td></tr><tr><td><a href=\"CodeSystem-TRE-R88-TerritoireSante.html#TRE-R88-TerritoireSante-723\">723</a></td><td>Landes</td></tr><tr><td><a href=\"CodeSystem-TRE-R88-TerritoireSante.html#TRE-R88-TerritoireSante-724\">724</a></td><td>Lot et Garonne</td></tr><tr><td><a href=\"CodeSystem-TRE-R88-TerritoireSante.html#TRE-R88-TerritoireSante-725\">725</a></td><td>Navarre Côte Basque</td></tr><tr><td><a href=\"CodeSystem-TRE-R88-TerritoireSante.html#TRE-R88-TerritoireSante-726\">726</a></td><td>Béarn et Soule</td></tr><tr><td><a href=\"CodeSystem-TRE-R88-TerritoireSante.html#TRE-R88-TerritoireSante-727\">727</a></td><td>Pyrénées Atlantiques</td></tr><tr><td><a href=\"CodeSystem-TRE-R88-TerritoireSante.html#TRE-R88-TerritoireSante-731\">731</a></td><td>Ariège</td></tr><tr><td><a href=\"CodeSystem-TRE-R88-TerritoireSante.html#TRE-R88-TerritoireSante-732\">732</a></td><td>Aveyron</td></tr><tr><td><a href=\"CodeSystem-TRE-R88-TerritoireSante.html#TRE-R88-TerritoireSante-733\">733</a></td><td>Hte Garonne</td></tr><tr><td><a href=\"CodeSystem-TRE-R88-TerritoireSante.html#TRE-R88-TerritoireSante-734\">734</a></td><td>Gers</td></tr><tr><td><a href=\"CodeSystem-TRE-R88-TerritoireSante.html#TRE-R88-TerritoireSante-735\">735</a></td><td>Lot</td></tr><tr><td><a href=\"CodeSystem-TRE-R88-TerritoireSante.html#TRE-R88-TerritoireSante-736\">736</a></td><td>Htes-Pyrénées</td></tr><tr><td><a href=\"CodeSystem-TRE-R88-TerritoireSante.html#TRE-R88-TerritoireSante-737\">737</a></td><td>Tarn</td></tr><tr><td><a href=\"CodeSystem-TRE-R88-TerritoireSante.html#TRE-R88-TerritoireSante-738\">738</a></td><td>Tarn et Garonne</td></tr><tr><td><a href=\"CodeSystem-TRE-R88-TerritoireSante.html#TRE-R88-TerritoireSante-741\">741</a></td><td>Corrèze</td></tr><tr><td><a href=\"CodeSystem-TRE-R88-TerritoireSante.html#TRE-R88-TerritoireSante-742\">742</a></td><td>Creuse</td></tr><tr><td><a href=\"CodeSystem-TRE-R88-TerritoireSante.html#TRE-R88-TerritoireSante-743\">743</a></td><td>Haute Vienne</td></tr><tr><td><a href=\"CodeSystem-TRE-R88-TerritoireSante.html#TRE-R88-TerritoireSante-821\">821</a></td><td>TS01 - Centre</td></tr><tr><td><a href=\"CodeSystem-TRE-R88-TerritoireSante.html#TRE-R88-TerritoireSante-822\">822</a></td><td>TS02 - Est</td></tr><tr><td><a href=\"CodeSystem-TRE-R88-TerritoireSante.html#TRE-R88-TerritoireSante-823\">823</a></td><td>TS03 - Nord</td></tr><tr><td><a href=\"CodeSystem-TRE-R88-TerritoireSante.html#TRE-R88-TerritoireSante-824\">824</a></td><td>TS04 - Ouest</td></tr><tr><td><a href=\"CodeSystem-TRE-R88-TerritoireSante.html#TRE-R88-TerritoireSante-825\">825</a></td><td>TS05 - Sud</td></tr><tr><td><a href=\"CodeSystem-TRE-R88-TerritoireSante.html#TRE-R88-TerritoireSante-832\">832</a></td><td>Cantal</td></tr><tr><td><a href=\"CodeSystem-TRE-R88-TerritoireSante.html#TRE-R88-TerritoireSante-833\">833</a></td><td>Haute-Loire</td></tr><tr><td><a href=\"CodeSystem-TRE-R88-TerritoireSante.html#TRE-R88-TerritoireSante-834\">834</a></td><td>Puy de Dôme</td></tr><tr><td><a href=\"CodeSystem-TRE-R88-TerritoireSante.html#TRE-R88-TerritoireSante-835\">835</a></td><td>Ain</td></tr><tr><td><a href=\"CodeSystem-TRE-R88-TerritoireSante.html#TRE-R88-TerritoireSante-836\">836</a></td><td>Allier-Puy-de-Dôme</td></tr><tr><td><a href=\"CodeSystem-TRE-R88-TerritoireSante.html#TRE-R88-TerritoireSante-837\">837</a></td><td>Drôme-Ardèche</td></tr><tr><td><a href=\"CodeSystem-TRE-R88-TerritoireSante.html#TRE-R88-TerritoireSante-838\">838</a></td><td>Haute-Savoie</td></tr><tr><td><a href=\"CodeSystem-TRE-R88-TerritoireSante.html#TRE-R88-TerritoireSante-839\">839</a></td><td>Isère</td></tr><tr><td><a href=\"CodeSystem-TRE-R88-TerritoireSante.html#TRE-R88-TerritoireSante-840\">840</a></td><td>Loire</td></tr><tr><td><a href=\"CodeSystem-TRE-R88-TerritoireSante.html#TRE-R88-TerritoireSante-841\">841</a></td><td>Rhône</td></tr><tr><td><a href=\"CodeSystem-TRE-R88-TerritoireSante.html#TRE-R88-TerritoireSante-842\">842</a></td><td>Savoie</td></tr><tr><td><a href=\"CodeSystem-TRE-R88-TerritoireSante.html#TRE-R88-TerritoireSante-911\">911</a></td><td>Aude</td></tr><tr><td><a href=\"CodeSystem-TRE-R88-TerritoireSante.html#TRE-R88-TerritoireSante-912\">912</a></td><td>Gard</td></tr><tr><td><a href=\"CodeSystem-TRE-R88-TerritoireSante.html#TRE-R88-TerritoireSante-913\">913</a></td><td>Hérault</td></tr><tr><td><a href=\"CodeSystem-TRE-R88-TerritoireSante.html#TRE-R88-TerritoireSante-914\">914</a></td><td>Lozère</td></tr><tr><td><a href=\"CodeSystem-TRE-R88-TerritoireSante.html#TRE-R88-TerritoireSante-915\">915</a></td><td>Pyrénées Orientales</td></tr><tr><td><a href=\"CodeSystem-TRE-R88-TerritoireSante.html#TRE-R88-TerritoireSante-931\">931</a></td><td>Alpes de Haute Provence</td></tr><tr><td><a href=\"CodeSystem-TRE-R88-TerritoireSante.html#TRE-R88-TerritoireSante-932\">932</a></td><td>Alpes Maritimes</td></tr><tr><td><a href=\"CodeSystem-TRE-R88-TerritoireSante.html#TRE-R88-TerritoireSante-933\">933</a></td><td>Bouches du Rhône</td></tr><tr><td><a href=\"CodeSystem-TRE-R88-TerritoireSante.html#TRE-R88-TerritoireSante-934\">934</a></td><td>Hautes Alpes</td></tr><tr><td><a href=\"CodeSystem-TRE-R88-TerritoireSante.html#TRE-R88-TerritoireSante-935\">935</a></td><td>Var</td></tr><tr><td><a href=\"CodeSystem-TRE-R88-TerritoireSante.html#TRE-R88-TerritoireSante-936\">936</a></td><td>Vaucluse</td></tr><tr><td><a href=\"CodeSystem-TRE-R88-TerritoireSante.html#TRE-R88-TerritoireSante-941\">941</a></td><td>Corse Nord</td></tr><tr><td><a href=\"CodeSystem-TRE-R88-TerritoireSante.html#TRE-R88-TerritoireSante-942\">942</a></td><td>Corse Sud</td></tr></table></li></ul></div>"
  },
  "extension" : [{
    "url" : "http://hl7.org/fhir/StructureDefinition/resource-effectivePeriod",
    "valuePeriod" : {
      "start" : "2023-03-31T12:00:00+01:00"
    }
  }],
  "url" : "https://mos.esante.gouv.fr/NOS/JDV_J249-TerritoireSante-ROR/FHIR/JDV-J249-TerritoireSante-ROR",
  "identifier" : [{
    "system" : "urn:ietf:rfc:3986",
    "value" : "urn:oid:1.2.250.1.213.3.4.113"
  }],
  "version" : "20230331120000",
  "name" : "JDV_J249_TerritoireSante_ROR",
  "status" : "active",
  "experimental" : false,
  "date" : "2023-03-31T12:00:00+01:00",
  "publisher" : "Agence du Numérique en Santé (ANS) - 2-10 Rue d'Oradour-sur-Glane, 75015 Paris",
  "description" : "Territoire de Santé (au sens ARS) en France - ROR",
  "jurisdiction" : [{
    "coding" : [{
      "system" : "urn:iso:std:iso:3166",
      "code" : "FR"
    }]
  }],
  "compose" : {
    "include" : [{
      "system" : "https://mos.esante.gouv.fr/NOS/TRE_R88-TerritoireSante/FHIR/TRE-R88-TerritoireSante",
      "concept" : [{
        "code" : "001",
        "display" : "Sud Yonne Haut-Nivernais"
      },
      {
        "code" : "002",
        "display" : "Bourgogne méridionale"
      },
      {
        "code" : "011",
        "display" : "Centre"
      },
      {
        "code" : "012",
        "display" : "Sud Basse-Terre"
      },
      {
        "code" : "013",
        "display" : "Iles du nord"
      },
      {
        "code" : "021",
        "display" : "Nord Caraïbe"
      },
      {
        "code" : "022",
        "display" : "Nord Atlantique"
      },
      {
        "code" : "023",
        "display" : "Centre"
      },
      {
        "code" : "024",
        "display" : "Sud"
      },
      {
        "code" : "031",
        "display" : "Guyane"
      },
      {
        "code" : "041",
        "display" : "Territoire Ouest"
      },
      {
        "code" : "042",
        "display" : "Territoire Nord-Est"
      },
      {
        "code" : "043",
        "display" : "Territoire Sud"
      },
      {
        "code" : "061",
        "display" : "Mayotte"
      },
      {
        "code" : "111",
        "display" : "Essonne"
      },
      {
        "code" : "112",
        "display" : "Hauts-de-Seine"
      },
      {
        "code" : "113",
        "display" : "Paris"
      },
      {
        "code" : "114",
        "display" : "Seine-et-Marne"
      },
      {
        "code" : "115",
        "display" : "Seine-Saint-Denis"
      },
      {
        "code" : "116",
        "display" : "Val-de-Marne"
      },
      {
        "code" : "117",
        "display" : "Val-d'Oise"
      },
      {
        "code" : "118",
        "display" : "Yvelines"
      },
      {
        "code" : "211",
        "display" : "Nord (51-08)"
      },
      {
        "code" : "212",
        "display" : "Sud (52-10)"
      },
      {
        "code" : "221",
        "display" : "Oise Est"
      },
      {
        "code" : "222",
        "display" : "Oise Ouest"
      },
      {
        "code" : "223",
        "display" : "Aisne Nord Haute Somme"
      },
      {
        "code" : "224",
        "display" : "Somme"
      },
      {
        "code" : "225",
        "display" : "Aisne Sud"
      },
      {
        "code" : "231",
        "display" : "Rouen-Elbeuf"
      },
      {
        "code" : "232",
        "display" : "Dieppe"
      },
      {
        "code" : "233",
        "display" : "Le Havre"
      },
      {
        "code" : "234",
        "display" : "Evreux-Vernon"
      },
      {
        "code" : "241",
        "display" : "Territoire Cher (18)"
      },
      {
        "code" : "242",
        "display" : "Territoire Eure et Loir (28)"
      },
      {
        "code" : "243",
        "display" : "Territoire Indre (36)"
      },
      {
        "code" : "244",
        "display" : "Territoire Indre et Loire (37)"
      },
      {
        "code" : "245",
        "display" : "Territoire Loir et Cher (41)"
      },
      {
        "code" : "246",
        "display" : "Territoire Loiret (45)"
      },
      {
        "code" : "251",
        "display" : "Calvados"
      },
      {
        "code" : "252",
        "display" : "Manche"
      },
      {
        "code" : "253",
        "display" : "Orne"
      },
      {
        "code" : "261",
        "display" : "Côte d'Or"
      },
      {
        "code" : "262",
        "display" : "Nièvre"
      },
      {
        "code" : "263",
        "display" : "Saône et Loire Bresse-Morvan"
      },
      {
        "code" : "264",
        "display" : "Nord Yonne"
      },
      {
        "code" : "311",
        "display" : "Artois"
      },
      {
        "code" : "312",
        "display" : "Hainaut"
      },
      {
        "code" : "313",
        "display" : "Littoral"
      },
      {
        "code" : "314",
        "display" : "Métropole"
      },
      {
        "code" : "321",
        "display" : "Aisne"
      },
      {
        "code" : "322",
        "display" : "Métropole Flandre"
      },
      {
        "code" : "323",
        "display" : "Hainaut"
      },
      {
        "code" : "324",
        "display" : "Oise"
      },
      {
        "code" : "325",
        "display" : "Pas de Calais"
      },
      {
        "code" : "326",
        "display" : "Somme"
      },
      {
        "code" : "411",
        "display" : "Meuse"
      },
      {
        "code" : "412",
        "display" : "Meurthe-et-Moselle"
      },
      {
        "code" : "413",
        "display" : "Moselle"
      },
      {
        "code" : "414",
        "display" : "Vosges"
      },
      {
        "code" : "421",
        "display" : "Haguenau"
      },
      {
        "code" : "422",
        "display" : "Strasbourg"
      },
      {
        "code" : "423",
        "display" : "Colmar"
      },
      {
        "code" : "424",
        "display" : "Mulhouse"
      },
      {
        "code" : "431",
        "display" : "Centre Franche-Comté"
      },
      {
        "code" : "432",
        "display" : "Jura"
      },
      {
        "code" : "433",
        "display" : "Haute-Saône"
      },
      {
        "code" : "434",
        "display" : "Nord Franche-Comté"
      },
      {
        "code" : "521",
        "display" : "Territoire 1 Loire-Atlantique"
      },
      {
        "code" : "522",
        "display" : "Territoire 2 Maine et Loire"
      },
      {
        "code" : "523",
        "display" : "Territoire 3 Mayenne"
      },
      {
        "code" : "524",
        "display" : "Territoire 4 Sarthe"
      },
      {
        "code" : "525",
        "display" : "Territoire 5 Vendée"
      },
      {
        "code" : "531",
        "display" : "Brest/Carhaix/Morlaix"
      },
      {
        "code" : "532",
        "display" : "Quimper/Douarnenez/Pont l'Abbé"
      },
      {
        "code" : "533",
        "display" : "Lorient/Quimperlé"
      },
      {
        "code" : "534",
        "display" : "Vannes/Ploërmel/Malestroit"
      },
      {
        "code" : "535",
        "display" : "Rennes/Fougères/Vitré/Redon"
      },
      {
        "code" : "536",
        "display" : "Saint-Malo/Dinan"
      },
      {
        "code" : "537",
        "display" : "Saint-Brieuc/Guingamp/Lannion"
      },
      {
        "code" : "538",
        "display" : "Pontivy/Loudéac"
      },
      {
        "code" : "541",
        "display" : "Charente"
      },
      {
        "code" : "543",
        "display" : "Charente Maritime"
      },
      {
        "code" : "544",
        "display" : "Deux-Sèvres"
      },
      {
        "code" : "545",
        "display" : "Vienne"
      },
      {
        "code" : "721",
        "display" : "Dordogne"
      },
      {
        "code" : "722",
        "display" : "Gironde"
      },
      {
        "code" : "723",
        "display" : "Landes"
      },
      {
        "code" : "724",
        "display" : "Lot et Garonne"
      },
      {
        "code" : "725",
        "display" : "Navarre Côte Basque"
      },
      {
        "code" : "726",
        "display" : "Béarn et Soule"
      },
      {
        "code" : "727",
        "display" : "Pyrénées Atlantiques"
      },
      {
        "code" : "731",
        "display" : "Ariège"
      },
      {
        "code" : "732",
        "display" : "Aveyron"
      },
      {
        "code" : "733",
        "display" : "Hte Garonne"
      },
      {
        "code" : "734",
        "display" : "Gers"
      },
      {
        "code" : "735",
        "display" : "Lot"
      },
      {
        "code" : "736",
        "display" : "Htes-Pyrénées"
      },
      {
        "code" : "737",
        "display" : "Tarn"
      },
      {
        "code" : "738",
        "display" : "Tarn et Garonne"
      },
      {
        "code" : "741",
        "display" : "Corrèze"
      },
      {
        "code" : "742",
        "display" : "Creuse"
      },
      {
        "code" : "743",
        "display" : "Haute Vienne"
      },
      {
        "code" : "821",
        "display" : "TS01 - Centre"
      },
      {
        "code" : "822",
        "display" : "TS02 - Est"
      },
      {
        "code" : "823",
        "display" : "TS03 - Nord"
      },
      {
        "code" : "824",
        "display" : "TS04 - Ouest"
      },
      {
        "code" : "825",
        "display" : "TS05 - Sud"
      },
      {
        "code" : "832",
        "display" : "Cantal"
      },
      {
        "code" : "833",
        "display" : "Haute-Loire"
      },
      {
        "code" : "834",
        "display" : "Puy de Dôme"
      },
      {
        "code" : "835",
        "display" : "Ain"
      },
      {
        "code" : "836",
        "display" : "Allier-Puy-de-Dôme"
      },
      {
        "code" : "837",
        "display" : "Drôme-Ardèche"
      },
      {
        "code" : "838",
        "display" : "Haute-Savoie"
      },
      {
        "code" : "839",
        "display" : "Isère"
      },
      {
        "code" : "840",
        "display" : "Loire"
      },
      {
        "code" : "841",
        "display" : "Rhône"
      },
      {
        "code" : "842",
        "display" : "Savoie"
      },
      {
        "code" : "911",
        "display" : "Aude"
      },
      {
        "code" : "912",
        "display" : "Gard"
      },
      {
        "code" : "913",
        "display" : "Hérault"
      },
      {
        "code" : "914",
        "display" : "Lozère"
      },
      {
        "code" : "915",
        "display" : "Pyrénées Orientales"
      },
      {
        "code" : "931",
        "display" : "Alpes de Haute Provence"
      },
      {
        "code" : "932",
        "display" : "Alpes Maritimes"
      },
      {
        "code" : "933",
        "display" : "Bouches du Rhône"
      },
      {
        "code" : "934",
        "display" : "Hautes Alpes"
      },
      {
        "code" : "935",
        "display" : "Var"
      },
      {
        "code" : "936",
        "display" : "Vaucluse"
      },
      {
        "code" : "941",
        "display" : "Corse Nord"
      },
      {
        "code" : "942",
        "display" : "Corse Sud"
      }]
    }]
  }
}