{
  "resourceType" : "ValueSet",
  "id" : "JDV-J84-DepartementOM-RASS",
  "meta" : {
    "versionId" : "4",
    "lastUpdated" : "2024-04-27T05:08:07.258+00:00",
    "profile" : ["http://hl7.org/fhir/StructureDefinition/shareablevalueset"]
  },
  "language" : "fr-FR",
  "text" : {
    "status" : "generated",
    "div" : "<div xmlns=\"http://www.w3.org/1999/xhtml\" xml:lang=\"fr-FR\" lang=\"fr-FR\"><p class=\"res-header-id\"><b>Generated Narrative: ValueSet JDV-J84-DepartementOM-RASS</b></p><a name=\"JDV-J84-DepartementOM-RASS\"> </a><a name=\"hcJDV-J84-DepartementOM-RASS\"> </a><a name=\"JDV-J84-DepartementOM-RASS-fr-FR\"> </a><div style=\"display: inline-block; background-color: #d9e0e7; padding: 6px; margin: 4px; border: 1px solid #8da1b4; border-radius: 5px; line-height: 60%\"><p style=\"margin-bottom: 0px\">version: 4; Last updated: 2024-04-27 05:08:07+0000; Language: fr-FR</p><p style=\"margin-bottom: 0px\">Profil: <a href=\"http://hl7.org/fhir/R4/shareablevalueset.html\">Shareable ValueSet</a></p></div><ul><li>Include ces codes sont définis dans <a href=\"CodeSystem-TRE-G09-DepartementOM.html\"><code>https://mos.esante.gouv.fr/NOS/TRE_G09-DepartementOM/FHIR/TRE-G09-DepartementOM</code></a><table class=\"none\"><tr><td style=\"white-space:nowrap\"><b>Code</b></td><td><b>Display</b></td></tr><tr><td><a href=\"CodeSystem-TRE-G09-DepartementOM.html#TRE-G09-DepartementOM-01\">01</a></td><td>Ain</td></tr><tr><td><a href=\"CodeSystem-TRE-G09-DepartementOM.html#TRE-G09-DepartementOM-02\">02</a></td><td>Aisne</td></tr><tr><td><a href=\"CodeSystem-TRE-G09-DepartementOM.html#TRE-G09-DepartementOM-03\">03</a></td><td>Allier</td></tr><tr><td><a href=\"CodeSystem-TRE-G09-DepartementOM.html#TRE-G09-DepartementOM-04\">04</a></td><td>Alpes-de-Haute-Provence</td></tr><tr><td><a href=\"CodeSystem-TRE-G09-DepartementOM.html#TRE-G09-DepartementOM-05\">05</a></td><td>Hautes-Alpes</td></tr><tr><td><a href=\"CodeSystem-TRE-G09-DepartementOM.html#TRE-G09-DepartementOM-06\">06</a></td><td>Alpes-Maritimes</td></tr><tr><td><a href=\"CodeSystem-TRE-G09-DepartementOM.html#TRE-G09-DepartementOM-07\">07</a></td><td>Ardèche</td></tr><tr><td><a href=\"CodeSystem-TRE-G09-DepartementOM.html#TRE-G09-DepartementOM-08\">08</a></td><td>Ardennes</td></tr><tr><td><a href=\"CodeSystem-TRE-G09-DepartementOM.html#TRE-G09-DepartementOM-09\">09</a></td><td>Ariège</td></tr><tr><td><a href=\"CodeSystem-TRE-G09-DepartementOM.html#TRE-G09-DepartementOM-10\">10</a></td><td>Aube</td></tr><tr><td><a href=\"CodeSystem-TRE-G09-DepartementOM.html#TRE-G09-DepartementOM-11\">11</a></td><td>Aude</td></tr><tr><td><a href=\"CodeSystem-TRE-G09-DepartementOM.html#TRE-G09-DepartementOM-12\">12</a></td><td>Aveyron</td></tr><tr><td><a href=\"CodeSystem-TRE-G09-DepartementOM.html#TRE-G09-DepartementOM-13\">13</a></td><td>Bouches-du-Rhône</td></tr><tr><td><a href=\"CodeSystem-TRE-G09-DepartementOM.html#TRE-G09-DepartementOM-14\">14</a></td><td>Calvados</td></tr><tr><td><a href=\"CodeSystem-TRE-G09-DepartementOM.html#TRE-G09-DepartementOM-15\">15</a></td><td>Cantal</td></tr><tr><td><a href=\"CodeSystem-TRE-G09-DepartementOM.html#TRE-G09-DepartementOM-16\">16</a></td><td>Charente</td></tr><tr><td><a href=\"CodeSystem-TRE-G09-DepartementOM.html#TRE-G09-DepartementOM-17\">17</a></td><td>Charente-Maritime</td></tr><tr><td><a href=\"CodeSystem-TRE-G09-DepartementOM.html#TRE-G09-DepartementOM-18\">18</a></td><td>Cher</td></tr><tr><td><a href=\"CodeSystem-TRE-G09-DepartementOM.html#TRE-G09-DepartementOM-19\">19</a></td><td>Corrèze</td></tr><tr><td><a href=\"CodeSystem-TRE-G09-DepartementOM.html#TRE-G09-DepartementOM-2A\">2A</a></td><td>Corse-du-Sud</td></tr><tr><td><a href=\"CodeSystem-TRE-G09-DepartementOM.html#TRE-G09-DepartementOM-2B\">2B</a></td><td>Haute-Corse</td></tr><tr><td><a href=\"CodeSystem-TRE-G09-DepartementOM.html#TRE-G09-DepartementOM-21\">21</a></td><td>Côte-d'Or</td></tr><tr><td><a href=\"CodeSystem-TRE-G09-DepartementOM.html#TRE-G09-DepartementOM-22\">22</a></td><td>Côtes-d'Armor</td></tr><tr><td><a href=\"CodeSystem-TRE-G09-DepartementOM.html#TRE-G09-DepartementOM-23\">23</a></td><td>Creuse</td></tr><tr><td><a href=\"CodeSystem-TRE-G09-DepartementOM.html#TRE-G09-DepartementOM-24\">24</a></td><td>Dordogne</td></tr><tr><td><a href=\"CodeSystem-TRE-G09-DepartementOM.html#TRE-G09-DepartementOM-25\">25</a></td><td>Doubs</td></tr><tr><td><a href=\"CodeSystem-TRE-G09-DepartementOM.html#TRE-G09-DepartementOM-26\">26</a></td><td>Drôme</td></tr><tr><td><a href=\"CodeSystem-TRE-G09-DepartementOM.html#TRE-G09-DepartementOM-27\">27</a></td><td>Eure</td></tr><tr><td><a href=\"CodeSystem-TRE-G09-DepartementOM.html#TRE-G09-DepartementOM-28\">28</a></td><td>Eure-et-Loir</td></tr><tr><td><a href=\"CodeSystem-TRE-G09-DepartementOM.html#TRE-G09-DepartementOM-29\">29</a></td><td>Finistère</td></tr><tr><td><a href=\"CodeSystem-TRE-G09-DepartementOM.html#TRE-G09-DepartementOM-30\">30</a></td><td>Gard</td></tr><tr><td><a href=\"CodeSystem-TRE-G09-DepartementOM.html#TRE-G09-DepartementOM-31\">31</a></td><td>Haute-Garonne</td></tr><tr><td><a href=\"CodeSystem-TRE-G09-DepartementOM.html#TRE-G09-DepartementOM-32\">32</a></td><td>Gers</td></tr><tr><td><a href=\"CodeSystem-TRE-G09-DepartementOM.html#TRE-G09-DepartementOM-33\">33</a></td><td>Gironde</td></tr><tr><td><a href=\"CodeSystem-TRE-G09-DepartementOM.html#TRE-G09-DepartementOM-34\">34</a></td><td>Hérault</td></tr><tr><td><a href=\"CodeSystem-TRE-G09-DepartementOM.html#TRE-G09-DepartementOM-35\">35</a></td><td>Ille-et-Vilaine</td></tr><tr><td><a href=\"CodeSystem-TRE-G09-DepartementOM.html#TRE-G09-DepartementOM-36\">36</a></td><td>Indre</td></tr><tr><td><a href=\"CodeSystem-TRE-G09-DepartementOM.html#TRE-G09-DepartementOM-37\">37</a></td><td>Indre-et-Loire</td></tr><tr><td><a href=\"CodeSystem-TRE-G09-DepartementOM.html#TRE-G09-DepartementOM-38\">38</a></td><td>Isère</td></tr><tr><td><a href=\"CodeSystem-TRE-G09-DepartementOM.html#TRE-G09-DepartementOM-39\">39</a></td><td>Jura</td></tr><tr><td><a href=\"CodeSystem-TRE-G09-DepartementOM.html#TRE-G09-DepartementOM-40\">40</a></td><td>Landes</td></tr><tr><td><a href=\"CodeSystem-TRE-G09-DepartementOM.html#TRE-G09-DepartementOM-41\">41</a></td><td>Loir-et-Cher</td></tr><tr><td><a href=\"CodeSystem-TRE-G09-DepartementOM.html#TRE-G09-DepartementOM-42\">42</a></td><td>Loire</td></tr><tr><td><a href=\"CodeSystem-TRE-G09-DepartementOM.html#TRE-G09-DepartementOM-43\">43</a></td><td>Haute-Loire</td></tr><tr><td><a href=\"CodeSystem-TRE-G09-DepartementOM.html#TRE-G09-DepartementOM-44\">44</a></td><td>Loire-Atlantique</td></tr><tr><td><a href=\"CodeSystem-TRE-G09-DepartementOM.html#TRE-G09-DepartementOM-45\">45</a></td><td>Loiret</td></tr><tr><td><a href=\"CodeSystem-TRE-G09-DepartementOM.html#TRE-G09-DepartementOM-46\">46</a></td><td>Lot</td></tr><tr><td><a href=\"CodeSystem-TRE-G09-DepartementOM.html#TRE-G09-DepartementOM-47\">47</a></td><td>Lot-et-Garonne</td></tr><tr><td><a href=\"CodeSystem-TRE-G09-DepartementOM.html#TRE-G09-DepartementOM-48\">48</a></td><td>Lozère</td></tr><tr><td><a href=\"CodeSystem-TRE-G09-DepartementOM.html#TRE-G09-DepartementOM-49\">49</a></td><td>Maine-et-Loire</td></tr><tr><td><a href=\"CodeSystem-TRE-G09-DepartementOM.html#TRE-G09-DepartementOM-50\">50</a></td><td>Manche</td></tr><tr><td><a href=\"CodeSystem-TRE-G09-DepartementOM.html#TRE-G09-DepartementOM-51\">51</a></td><td>Marne</td></tr><tr><td><a href=\"CodeSystem-TRE-G09-DepartementOM.html#TRE-G09-DepartementOM-52\">52</a></td><td>Haute-Marne</td></tr><tr><td><a href=\"CodeSystem-TRE-G09-DepartementOM.html#TRE-G09-DepartementOM-53\">53</a></td><td>Mayenne</td></tr><tr><td><a href=\"CodeSystem-TRE-G09-DepartementOM.html#TRE-G09-DepartementOM-54\">54</a></td><td>Meurthe-et-Moselle</td></tr><tr><td><a href=\"CodeSystem-TRE-G09-DepartementOM.html#TRE-G09-DepartementOM-55\">55</a></td><td>Meuse</td></tr><tr><td><a href=\"CodeSystem-TRE-G09-DepartementOM.html#TRE-G09-DepartementOM-56\">56</a></td><td>Morbihan</td></tr><tr><td><a href=\"CodeSystem-TRE-G09-DepartementOM.html#TRE-G09-DepartementOM-57\">57</a></td><td>Moselle</td></tr><tr><td><a href=\"CodeSystem-TRE-G09-DepartementOM.html#TRE-G09-DepartementOM-58\">58</a></td><td>Nièvre</td></tr><tr><td><a href=\"CodeSystem-TRE-G09-DepartementOM.html#TRE-G09-DepartementOM-59\">59</a></td><td>Nord</td></tr><tr><td><a href=\"CodeSystem-TRE-G09-DepartementOM.html#TRE-G09-DepartementOM-60\">60</a></td><td>Oise</td></tr><tr><td><a href=\"CodeSystem-TRE-G09-DepartementOM.html#TRE-G09-DepartementOM-61\">61</a></td><td>Orne</td></tr><tr><td><a href=\"CodeSystem-TRE-G09-DepartementOM.html#TRE-G09-DepartementOM-62\">62</a></td><td>Pas-de-Calais</td></tr><tr><td><a href=\"CodeSystem-TRE-G09-DepartementOM.html#TRE-G09-DepartementOM-63\">63</a></td><td>Puy-de-Dôme</td></tr><tr><td><a href=\"CodeSystem-TRE-G09-DepartementOM.html#TRE-G09-DepartementOM-64\">64</a></td><td>Pyrénées-Atlantiques</td></tr><tr><td><a href=\"CodeSystem-TRE-G09-DepartementOM.html#TRE-G09-DepartementOM-65\">65</a></td><td>Hautes-Pyrénées</td></tr><tr><td><a href=\"CodeSystem-TRE-G09-DepartementOM.html#TRE-G09-DepartementOM-66\">66</a></td><td>Pyrénées-Orientales</td></tr><tr><td><a href=\"CodeSystem-TRE-G09-DepartementOM.html#TRE-G09-DepartementOM-67\">67</a></td><td>Bas-Rhin</td></tr><tr><td><a href=\"CodeSystem-TRE-G09-DepartementOM.html#TRE-G09-DepartementOM-68\">68</a></td><td>Haut-Rhin</td></tr><tr><td><a href=\"CodeSystem-TRE-G09-DepartementOM.html#TRE-G09-DepartementOM-69\">69</a></td><td>Rhône</td></tr><tr><td><a href=\"CodeSystem-TRE-G09-DepartementOM.html#TRE-G09-DepartementOM-70\">70</a></td><td>Haute-Saône</td></tr><tr><td><a href=\"CodeSystem-TRE-G09-DepartementOM.html#TRE-G09-DepartementOM-71\">71</a></td><td>Saône-et-Loire</td></tr><tr><td><a href=\"CodeSystem-TRE-G09-DepartementOM.html#TRE-G09-DepartementOM-72\">72</a></td><td>Sarthe</td></tr><tr><td><a href=\"CodeSystem-TRE-G09-DepartementOM.html#TRE-G09-DepartementOM-73\">73</a></td><td>Savoie</td></tr><tr><td><a href=\"CodeSystem-TRE-G09-DepartementOM.html#TRE-G09-DepartementOM-74\">74</a></td><td>Haute-Savoie</td></tr><tr><td><a href=\"CodeSystem-TRE-G09-DepartementOM.html#TRE-G09-DepartementOM-75\">75</a></td><td>Paris</td></tr><tr><td><a href=\"CodeSystem-TRE-G09-DepartementOM.html#TRE-G09-DepartementOM-76\">76</a></td><td>Seine-Maritime</td></tr><tr><td><a href=\"CodeSystem-TRE-G09-DepartementOM.html#TRE-G09-DepartementOM-77\">77</a></td><td>Seine-et-Marne</td></tr><tr><td><a href=\"CodeSystem-TRE-G09-DepartementOM.html#TRE-G09-DepartementOM-78\">78</a></td><td>Yvelines</td></tr><tr><td><a href=\"CodeSystem-TRE-G09-DepartementOM.html#TRE-G09-DepartementOM-79\">79</a></td><td>Deux-Sèvres</td></tr><tr><td><a href=\"CodeSystem-TRE-G09-DepartementOM.html#TRE-G09-DepartementOM-80\">80</a></td><td>Somme</td></tr><tr><td><a href=\"CodeSystem-TRE-G09-DepartementOM.html#TRE-G09-DepartementOM-81\">81</a></td><td>Tarn</td></tr><tr><td><a href=\"CodeSystem-TRE-G09-DepartementOM.html#TRE-G09-DepartementOM-82\">82</a></td><td>Tarn-et-Garonne</td></tr><tr><td><a href=\"CodeSystem-TRE-G09-DepartementOM.html#TRE-G09-DepartementOM-83\">83</a></td><td>Var</td></tr><tr><td><a href=\"CodeSystem-TRE-G09-DepartementOM.html#TRE-G09-DepartementOM-84\">84</a></td><td>Vaucluse</td></tr><tr><td><a href=\"CodeSystem-TRE-G09-DepartementOM.html#TRE-G09-DepartementOM-85\">85</a></td><td>Vendée</td></tr><tr><td><a href=\"CodeSystem-TRE-G09-DepartementOM.html#TRE-G09-DepartementOM-86\">86</a></td><td>Vienne</td></tr><tr><td><a href=\"CodeSystem-TRE-G09-DepartementOM.html#TRE-G09-DepartementOM-87\">87</a></td><td>Haute-Vienne</td></tr><tr><td><a href=\"CodeSystem-TRE-G09-DepartementOM.html#TRE-G09-DepartementOM-88\">88</a></td><td>Vosges</td></tr><tr><td><a href=\"CodeSystem-TRE-G09-DepartementOM.html#TRE-G09-DepartementOM-89\">89</a></td><td>Yonne</td></tr><tr><td><a href=\"CodeSystem-TRE-G09-DepartementOM.html#TRE-G09-DepartementOM-90\">90</a></td><td>Territoire de Belfort</td></tr><tr><td><a href=\"CodeSystem-TRE-G09-DepartementOM.html#TRE-G09-DepartementOM-91\">91</a></td><td>Essonne</td></tr><tr><td><a href=\"CodeSystem-TRE-G09-DepartementOM.html#TRE-G09-DepartementOM-92\">92</a></td><td>Hauts-de-Seine</td></tr><tr><td><a href=\"CodeSystem-TRE-G09-DepartementOM.html#TRE-G09-DepartementOM-93\">93</a></td><td>Seine-Saint-Denis</td></tr><tr><td><a href=\"CodeSystem-TRE-G09-DepartementOM.html#TRE-G09-DepartementOM-94\">94</a></td><td>Val-de-Marne</td></tr><tr><td><a href=\"CodeSystem-TRE-G09-DepartementOM.html#TRE-G09-DepartementOM-95\">95</a></td><td>Val d'Oise</td></tr><tr><td><a href=\"CodeSystem-TRE-G09-DepartementOM.html#TRE-G09-DepartementOM-971\">971</a></td><td>Guadeloupe</td></tr><tr><td><a href=\"CodeSystem-TRE-G09-DepartementOM.html#TRE-G09-DepartementOM-972\">972</a></td><td>Martinique</td></tr><tr><td><a href=\"CodeSystem-TRE-G09-DepartementOM.html#TRE-G09-DepartementOM-973\">973</a></td><td>Guyane</td></tr><tr><td><a href=\"CodeSystem-TRE-G09-DepartementOM.html#TRE-G09-DepartementOM-974\">974</a></td><td>Réunion</td></tr><tr><td><a href=\"CodeSystem-TRE-G09-DepartementOM.html#TRE-G09-DepartementOM-976\">976</a></td><td>Mayotte</td></tr><tr><td><a href=\"CodeSystem-TRE-G09-DepartementOM.html#TRE-G09-DepartementOM-977\">977</a></td><td>Saint-Barthélemy</td></tr><tr><td><a href=\"CodeSystem-TRE-G09-DepartementOM.html#TRE-G09-DepartementOM-978\">978</a></td><td>Saint-Martin</td></tr><tr><td><a href=\"CodeSystem-TRE-G09-DepartementOM.html#TRE-G09-DepartementOM-99138\">99138</a></td><td>Monaco</td></tr><tr><td><a href=\"CodeSystem-TRE-G09-DepartementOM.html#TRE-G09-DepartementOM-984\">984</a></td><td>Terres australes françaises</td></tr><tr><td><a href=\"CodeSystem-TRE-G09-DepartementOM.html#TRE-G09-DepartementOM-986\">986</a></td><td>Wallis-et-Futuna</td></tr><tr><td><a href=\"CodeSystem-TRE-G09-DepartementOM.html#TRE-G09-DepartementOM-987\">987</a></td><td>Polynésie française</td></tr><tr><td><a href=\"CodeSystem-TRE-G09-DepartementOM.html#TRE-G09-DepartementOM-988\">988</a></td><td>Nouvelle-Calédonie</td></tr><tr><td><a href=\"CodeSystem-TRE-G09-DepartementOM.html#TRE-G09-DepartementOM-989\">989</a></td><td>Ile de Clipperton</td></tr></table></li></ul></div>"
  },
  "extension" : [{
    "url" : "http://hl7.org/fhir/StructureDefinition/resource-effectivePeriod",
    "valuePeriod" : {
      "start" : "2019-08-30T12:00:00+01:00",
      "end" : "2024-01-26T12:00:00+01:00"
    }
  }],
  "url" : "https://mos.esante.gouv.fr/NOS/JDV_J84-DepartementOM-RASS/FHIR/JDV-J84-DepartementOM-RASS",
  "identifier" : [{
    "system" : "urn:ietf:rfc:3986",
    "value" : "urn:oid:1.2.250.1.213.1.6.1.152"
  }],
  "version" : "20240126120000",
  "name" : "JDV_J84_DepartementOM_RASS",
  "status" : "retired",
  "experimental" : false,
  "date" : "2024-01-26T12:00:00+01:00",
  "publisher" : "Agence du Numérique en Santé (ANS) - 2-10 Rue d'Oradour-sur-Glane, 75015 Paris",
  "description" : "Départements (outre-mer et Monaco inclus) pour le RASS",
  "compose" : {
    "include" : [{
      "system" : "https://mos.esante.gouv.fr/NOS/TRE_G09-DepartementOM/FHIR/TRE-G09-DepartementOM",
      "concept" : [{
        "code" : "01",
        "display" : "Ain"
      },
      {
        "code" : "02",
        "display" : "Aisne"
      },
      {
        "code" : "03",
        "display" : "Allier"
      },
      {
        "code" : "04",
        "display" : "Alpes-de-Haute-Provence"
      },
      {
        "code" : "05",
        "display" : "Hautes-Alpes"
      },
      {
        "code" : "06",
        "display" : "Alpes-Maritimes"
      },
      {
        "code" : "07",
        "display" : "Ardèche"
      },
      {
        "code" : "08",
        "display" : "Ardennes"
      },
      {
        "code" : "09",
        "display" : "Ariège"
      },
      {
        "code" : "10",
        "display" : "Aube"
      },
      {
        "code" : "11",
        "display" : "Aude"
      },
      {
        "code" : "12",
        "display" : "Aveyron"
      },
      {
        "code" : "13",
        "display" : "Bouches-du-Rhône"
      },
      {
        "code" : "14",
        "display" : "Calvados"
      },
      {
        "code" : "15",
        "display" : "Cantal"
      },
      {
        "code" : "16",
        "display" : "Charente"
      },
      {
        "code" : "17",
        "display" : "Charente-Maritime"
      },
      {
        "code" : "18",
        "display" : "Cher"
      },
      {
        "code" : "19",
        "display" : "Corrèze"
      },
      {
        "code" : "2A",
        "display" : "Corse-du-Sud"
      },
      {
        "code" : "2B",
        "display" : "Haute-Corse"
      },
      {
        "code" : "21",
        "display" : "Côte-d'Or"
      },
      {
        "code" : "22",
        "display" : "Côtes-d'Armor"
      },
      {
        "code" : "23",
        "display" : "Creuse"
      },
      {
        "code" : "24",
        "display" : "Dordogne"
      },
      {
        "code" : "25",
        "display" : "Doubs"
      },
      {
        "code" : "26",
        "display" : "Drôme"
      },
      {
        "code" : "27",
        "display" : "Eure"
      },
      {
        "code" : "28",
        "display" : "Eure-et-Loir"
      },
      {
        "code" : "29",
        "display" : "Finistère"
      },
      {
        "code" : "30",
        "display" : "Gard"
      },
      {
        "code" : "31",
        "display" : "Haute-Garonne"
      },
      {
        "code" : "32",
        "display" : "Gers"
      },
      {
        "code" : "33",
        "display" : "Gironde"
      },
      {
        "code" : "34",
        "display" : "Hérault"
      },
      {
        "code" : "35",
        "display" : "Ille-et-Vilaine"
      },
      {
        "code" : "36",
        "display" : "Indre"
      },
      {
        "code" : "37",
        "display" : "Indre-et-Loire"
      },
      {
        "code" : "38",
        "display" : "Isère"
      },
      {
        "code" : "39",
        "display" : "Jura"
      },
      {
        "code" : "40",
        "display" : "Landes"
      },
      {
        "code" : "41",
        "display" : "Loir-et-Cher"
      },
      {
        "code" : "42",
        "display" : "Loire"
      },
      {
        "code" : "43",
        "display" : "Haute-Loire"
      },
      {
        "code" : "44",
        "display" : "Loire-Atlantique"
      },
      {
        "code" : "45",
        "display" : "Loiret"
      },
      {
        "code" : "46",
        "display" : "Lot"
      },
      {
        "code" : "47",
        "display" : "Lot-et-Garonne"
      },
      {
        "code" : "48",
        "display" : "Lozère"
      },
      {
        "code" : "49",
        "display" : "Maine-et-Loire"
      },
      {
        "code" : "50",
        "display" : "Manche"
      },
      {
        "code" : "51",
        "display" : "Marne"
      },
      {
        "code" : "52",
        "display" : "Haute-Marne"
      },
      {
        "code" : "53",
        "display" : "Mayenne"
      },
      {
        "code" : "54",
        "display" : "Meurthe-et-Moselle"
      },
      {
        "code" : "55",
        "display" : "Meuse"
      },
      {
        "code" : "56",
        "display" : "Morbihan"
      },
      {
        "code" : "57",
        "display" : "Moselle"
      },
      {
        "code" : "58",
        "display" : "Nièvre"
      },
      {
        "code" : "59",
        "display" : "Nord"
      },
      {
        "code" : "60",
        "display" : "Oise"
      },
      {
        "code" : "61",
        "display" : "Orne"
      },
      {
        "code" : "62",
        "display" : "Pas-de-Calais"
      },
      {
        "code" : "63",
        "display" : "Puy-de-Dôme"
      },
      {
        "code" : "64",
        "display" : "Pyrénées-Atlantiques"
      },
      {
        "code" : "65",
        "display" : "Hautes-Pyrénées"
      },
      {
        "code" : "66",
        "display" : "Pyrénées-Orientales"
      },
      {
        "code" : "67",
        "display" : "Bas-Rhin"
      },
      {
        "code" : "68",
        "display" : "Haut-Rhin"
      },
      {
        "code" : "69",
        "display" : "Rhône"
      },
      {
        "code" : "70",
        "display" : "Haute-Saône"
      },
      {
        "code" : "71",
        "display" : "Saône-et-Loire"
      },
      {
        "code" : "72",
        "display" : "Sarthe"
      },
      {
        "code" : "73",
        "display" : "Savoie"
      },
      {
        "code" : "74",
        "display" : "Haute-Savoie"
      },
      {
        "code" : "75",
        "display" : "Paris"
      },
      {
        "code" : "76",
        "display" : "Seine-Maritime"
      },
      {
        "code" : "77",
        "display" : "Seine-et-Marne"
      },
      {
        "code" : "78",
        "display" : "Yvelines"
      },
      {
        "code" : "79",
        "display" : "Deux-Sèvres"
      },
      {
        "code" : "80",
        "display" : "Somme"
      },
      {
        "code" : "81",
        "display" : "Tarn"
      },
      {
        "code" : "82",
        "display" : "Tarn-et-Garonne"
      },
      {
        "code" : "83",
        "display" : "Var"
      },
      {
        "code" : "84",
        "display" : "Vaucluse"
      },
      {
        "code" : "85",
        "display" : "Vendée"
      },
      {
        "code" : "86",
        "display" : "Vienne"
      },
      {
        "code" : "87",
        "display" : "Haute-Vienne"
      },
      {
        "code" : "88",
        "display" : "Vosges"
      },
      {
        "code" : "89",
        "display" : "Yonne"
      },
      {
        "code" : "90",
        "display" : "Territoire de Belfort"
      },
      {
        "code" : "91",
        "display" : "Essonne"
      },
      {
        "code" : "92",
        "display" : "Hauts-de-Seine"
      },
      {
        "code" : "93",
        "display" : "Seine-Saint-Denis"
      },
      {
        "code" : "94",
        "display" : "Val-de-Marne"
      },
      {
        "code" : "95",
        "display" : "Val d'Oise"
      },
      {
        "code" : "971",
        "display" : "Guadeloupe"
      },
      {
        "code" : "972",
        "display" : "Martinique"
      },
      {
        "code" : "973",
        "display" : "Guyane"
      },
      {
        "code" : "974",
        "display" : "Réunion"
      },
      {
        "code" : "976",
        "display" : "Mayotte"
      },
      {
        "code" : "977",
        "display" : "Saint-Barthélemy"
      },
      {
        "code" : "978",
        "display" : "Saint-Martin"
      },
      {
        "code" : "99138",
        "display" : "Monaco"
      },
      {
        "code" : "984",
        "display" : "Terres australes françaises"
      },
      {
        "code" : "986",
        "display" : "Wallis-et-Futuna"
      },
      {
        "code" : "987",
        "display" : "Polynésie française"
      },
      {
        "code" : "988",
        "display" : "Nouvelle-Calédonie"
      },
      {
        "code" : "989",
        "display" : "Ile de Clipperton"
      }]
    }]
  }
}